unitid,buildingid,name,beds,baths,footage,rent,availability
1889310,1956738,Studio_1,0,1,394,,False
1760410,1956738,Studio_1,0,1,394,,False
1237700,1956738,Studio_2,0,1,402,,False
1422142,1956738,Studio_2,0,1,402,,False
1411559,1956738,studio_3,0,1,398,,False
1312811,1956738,studio_3,0,1,398,,False
1435872,1956738,Studio_4,0,1,393,,False
1334795,1956738,Studio_4,0,1,393,,False
1046892,1956738,Studio_5,0,1,410,1149,True
1175681,1956738,Studio_5,0,1,410,1149,True
1115708,1956738,Studio_6,0,1,359,,False
1019182,1956738,Studio_6,0,1,359,,False
1042840,1859219,Standard Studio A,0,1,128,1050,True
1432145,1859219,Standard Studio A,0,1,128,1050,True
1537436,1859219,Standard Studio B,0,1,186,1162,True
1631221,1859219,Standard Studio B,0,1,186,1162,True
1387551,1859219,Deluxe Studio,0,1,350,1162,True
1002311,1859219,Deluxe Studio,0,1,350,1162,True
1044383,1859219,Standard One Bedroom,1,1,132,1245,True
1288923,1859219,Standard One Bedroom,1,1,132,1245,True
1167331,1859219,Deluxe One Bedroom,1,1,401,,False
1498237,1859219,Deluxe One Bedroom,1,1,401,,False
1277858,1301734,Studio 1,0,1,343,1200,True
1527719,1301734,Studio 2,0,1,424,1225,True
1314837,1301734,Studio 3,0,1,480,1250,True
1159221,1301734,Studio 4,0,1,490,1250,True
1972236,1301734,Studio 5,0,1,509,,False
1088924,1301734,Studio 6,0,1,531,,False
1047252,1301734,Studio 7,0,1,538,,False
1677517,1301734,Studio 8,0,1,539,,False
1779947,1301734,Studio 9,0,1,558,,False
1873471,1301734,Studio 10,0,1,559,,False
1749150,1301734,Studio 11,0,1,560,,False
1495914,1301734,Studio 12,0,1,623,,False
1840926,1301734,1 bd 1 ba A,1,1,829,,False
1302867,1301734,1 bd 1 ba B,1,1,539,,False
1357786,1301734,1 bd 1 ba C,1,1,548,,False
1320142,1301734,1 bd 1 ba D,1,1,829,,False
1261030,1301734,1 bd 1 ba E,1,1,851,,False
1807054,1301734,1 bd 1 ba F,1,1,1083,,False
1495652,1569701,Studio,0,1,420,1379,True
1561559,1569701,Studio,0,1,420,1379,True
1409301,1569701,1 Bedroom 1 Bath,1,1,756,1799,True
1251512,1569701,1 Bedroom 1 Bath,1,1,756,1799,True
1056604,1569701,2 Bedroom 1 Bath,2,1,966,,False
1624962,1569701,2 Bedroom 1 Bath,2,1,966,,False
1735418,1569701,2 Bedroom 2 Bath,2,2,966,1899,True
1586278,1569701,2 Bedroom 2 Bath,2,2,966,1899,True
1196599,1569701,3 Bedroom 2 Bath,3,2,1141,2451,True
1997696,1569701,3 Bedroom 2 Bath,3,2,1141,2451,True
1037369,1049148,A1,1,1,619,,False
1183151,1049148,A1,1,1,619,,False
1380436,1049148,A2,1,1,655,,False
1292261,1049148,A2,1,1,655,,False
1645016,1049148,A3,1,1,689,,False
1119930,1049148,A3,1,1,689,,False
1635263,1049148,B1,2,2,800,1650,True
1904066,1049148,B1,2,2,800,1650,True
1171491,1049148,B2,2,2,891,1699,True
1703680,1049148,B2,2,2,891,1699,True
1561774,1049148,B3,2,2,1100,1825,True
1220634,1049148,B3,2,2,1100,1825,True
1521540,1258417,"One Bedroom, Den 737 - 787",1,1,787,,False
1350039,1258417,"One Bedroom, Den 737 - 787",1,1,787,,False
1389001,1258417,One Bedroom - 653 Sq. Ft,1,1,663,,False
1986694,1258417,One Bedroom - 653 Sq. Ft,1,1,663,,False
1357182,1258417,Two Bedroom One Bath,2,1,1046,,False
1830830,1258417,Two Bedroom One Bath,2,1,1046,,False
1938470,1258417,Two Bedroom One Bath 784 -815 Square Feet,2,1,768,2628,True
1231211,1258417,Two Bedroom One Bath 784 -815 Square Feet,2,1,768,2628,True
1753880,1258417,Two Bedroom Two Bath 937 -1033 Sq. Feet,2,2,875,,False
1716981,1258417,Two Bedroom Two Bath 937 -1033 Sq. Feet,2,2,875,,False
1740048,1258417,Two Bedroom Two Bath 874 - 958 Sq. Feet,2,2,874,2893,True
1867922,1258417,Two Bedroom Two Bath 874 - 958 Sq. Feet,2,2,874,2893,True
1411374,1258417,Live/Work,1,1,708,,False
1176437,1258417,Live/Work,1,1,708,,False
1417516,1258417,Studio,0,1,435,1501,True
1370021,1258417,Studio,0,1,435,1501,True
1510209,1258417,Open One Bedroom,1,1,545,1775,True
1341236,1258417,Open One Bedroom,1,1,545,1775,True
1834664,1800856,One Bed One Bath,1,1,775,2025,True
1425540,1800856,One Bed One Bath,1,1,775,2025,True
1238340,1800856,Two Bed Two Bath,2,2,1072,,False
1830588,1800856,Two Bed Two Bath,2,2,1072,,False
1891733,1800856,Studio,0,1,473,,False
1268460,1800856,Studio,0,1,473,,False
1749192,1800856,One Bedroom One Bath,1,1,775,,False
1103189,1800856,One Bedroom One Bath,1,1,775,,False
1481943,1800856,One Bedroom One Bath,1,1,775,,False
1409092,1800856,One Bedroom One Bath,1,1,775,,False
1613562,1451131,11CA,1,1,507,,False
1553487,1451131,11CB,1,1,535,1730,True
1159014,1451131,11CC,1,1,540,,False
1806493,1451131,11CD,1,1,567,1885,True
1430036,1451131,11CDA,1,1,651,,False
1894069,1451131,11CDB,1,1,708,,False
1285459,1451131,11CDC,1,1,714,,False
1572110,1451131,11CDD,1,1,740,,False
1877852,1451131,11CDE,1,1,748,,False
1120245,1451131,11CDF,1,1,754,,False
1764432,1451131,11CDG,1,1,765,,False
1021732,1451131,11CDH,1,1,767,,False
1573795,1451131,11CDI,1,1,768,,False
1305813,1451131,11CDJ,1,1,769,,False
1057965,1451131,11CDK,1,1,775,,False
1980855,1451131,11CDL,1,1,781,1830,True
1914785,1451131,11CDM,1,1,784,,False
1259144,1451131,11CDN,1,1,798,,False
1977954,1451131,11CDP,1,1,851,,False
1319539,1451131,11CDQ,1,1,859,,False
1968307,1451131,11CDR,1,1,874,,False
1003843,1451131,11CDS,1,1,885,,False
1441570,1451131,11CDT,1,1,908,,False
1591433,1451131,11CE,1,1,600,,False
1018957,1451131,11CF,1,1,604,,False
1368180,1451131,11CG,1,1,618,,False
1303053,1451131,11CH,1,1,651,,False
1056738,1451131,11CI,1,1,661,,False
1790467,1451131,11CJ,1,1,681,1955,True
1043259,1451131,11CJR1,1,1,594,1730,True
1413860,1451131,11CJR2,1,1,629,,False
1004794,1451131,11CK,1,1,706,,False
1698733,1451131,11CL,1,1,708,,False
1458761,1451131,11CM,1,1,714,1950,True
1961124,1451131,11CN,1,1,723,,False
1812064,1451131,11CO,1,1,738,,False
1000766,1451131,11CP,1,1,739,,False
1424627,1451131,11CQ,1,1,740,,False
1656733,1451131,11CR,1,1,751,2055,True
1774206,1451131,11CS,1,1,816,,False
1257152,1451131,11CTH,1,1,846,,False
1686652,1451131,11CA,1,1,507,,False
1550206,1451131,11CB,1,1,535,1730,True
1830865,1451131,11CC,1,1,540,,False
1389286,1451131,11CD,1,1,567,1885,True
1692114,1451131,11CDA,1,1,651,,False
1054535,1451131,11CDB,1,1,708,,False
1723030,1451131,11CDC,1,1,714,,False
1363850,1451131,11CDD,1,1,740,,False
1627748,1451131,11CDE,1,1,748,,False
1751578,1451131,11CDF,1,1,754,,False
1467675,1451131,11CDG,1,1,765,,False
1250959,1451131,11CDH,1,1,767,,False
1937808,1451131,11CDI,1,1,768,,False
1801746,1451131,11CDJ,1,1,769,,False
1947473,1451131,11CDK,1,1,775,,False
1351674,1451131,11CDL,1,1,781,1830,True
1453427,1451131,11CDM,1,1,784,,False
1810352,1451131,11CDN,1,1,798,,False
1209517,1451131,11CDP,1,1,851,,False
1574109,1451131,11CDQ,1,1,859,,False
1222682,1451131,11CDR,1,1,874,,False
1498809,1451131,11CDS,1,1,885,,False
1931673,1451131,11CDT,1,1,908,,False
1119478,1451131,11CE,1,1,600,,False
1487686,1451131,11CF,1,1,604,,False
1173280,1451131,11CG,1,1,618,,False
1813986,1451131,11CH,1,1,651,,False
1435070,1451131,11CI,1,1,661,,False
1973860,1451131,11CJ,1,1,681,1955,True
1388718,1451131,11CJR1,1,1,594,1730,True
1551811,1451131,11CJR2,1,1,629,,False
1380205,1451131,11CK,1,1,706,,False
1609153,1451131,11CL,1,1,708,,False
1621162,1451131,11CM,1,1,714,1950,True
1036093,1451131,11CN,1,1,723,,False
1408039,1451131,11CO,1,1,738,,False
1268110,1451131,11CP,1,1,739,,False
1345644,1451131,11CQ,1,1,740,,False
1324342,1451131,11CR,1,1,751,2055,True
1753574,1451131,11CS,1,1,816,,False
1572489,1451131,11CTH,1,1,846,,False
1474188,1451131,11CA,1,1,507,,False
1253337,1451131,11CB,1,1,535,1730,True
1589954,1451131,11CC,1,1,540,,False
1772598,1451131,11CD,1,1,567,1885,True
1326809,1451131,11CDA,1,1,651,,False
1611879,1451131,11CDB,1,1,708,,False
1484807,1451131,11CDC,1,1,714,,False
1288980,1451131,11CDD,1,1,740,,False
1038778,1451131,11CDE,1,1,748,,False
1488390,1451131,11CDF,1,1,754,,False
1239068,1451131,11CDG,1,1,765,,False
1243569,1451131,11CDH,1,1,767,,False
1101570,1451131,11CDI,1,1,768,,False
1962526,1451131,11CDJ,1,1,769,,False
1066314,1451131,11CDK,1,1,775,,False
1689666,1451131,11CDL,1,1,781,1830,True
1979237,1451131,11CDM,1,1,784,,False
1674605,1451131,11CDN,1,1,798,,False
1624455,1451131,11CDP,1,1,851,,False
1147641,1451131,11CDQ,1,1,859,,False
1045260,1451131,11CDR,1,1,874,,False
1737151,1451131,11CDS,1,1,885,,False
1981767,1451131,11CDT,1,1,908,,False
1545465,1451131,11CE,1,1,600,,False
1019968,1451131,11CF,1,1,604,,False
1152532,1451131,11CG,1,1,618,,False
1855445,1451131,11CH,1,1,651,,False
1366504,1451131,11CI,1,1,661,,False
1216519,1451131,11CJ,1,1,681,1955,True
1661793,1451131,11CJR1,1,1,594,1730,True
1526898,1451131,11CJR2,1,1,629,,False
1556754,1451131,11CK,1,1,706,,False
1676416,1451131,11CL,1,1,708,,False
1442705,1451131,11CM,1,1,714,1950,True
1177612,1451131,11CN,1,1,723,,False
1983799,1451131,11CO,1,1,738,,False
1416638,1451131,11CP,1,1,739,,False
1782318,1451131,11CQ,1,1,740,,False
1920933,1451131,11CR,1,1,751,2055,True
1460030,1451131,11CS,1,1,816,,False
1229731,1451131,11CTH,1,1,846,,False
1676758,1451131,11CA,1,1,507,,False
1297467,1451131,11CB,1,1,535,1730,True
1702989,1451131,11CC,1,1,540,,False
1251753,1451131,11CD,1,1,567,1885,True
1195026,1451131,11CDA,1,1,651,,False
1857761,1451131,11CDB,1,1,708,,False
1386641,1451131,11CDC,1,1,714,,False
1293188,1451131,11CDD,1,1,740,,False
1714093,1451131,11CDE,1,1,748,,False
1701344,1451131,11CDF,1,1,754,,False
1438108,1451131,11CDG,1,1,765,,False
1724558,1451131,11CDH,1,1,767,,False
1799219,1451131,11CDI,1,1,768,,False
1128952,1451131,11CDJ,1,1,769,,False
1192502,1451131,11CDK,1,1,775,,False
1722567,1451131,11CDL,1,1,781,1830,True
1127708,1451131,11CDM,1,1,784,,False
1340596,1451131,11CDN,1,1,798,,False
1363433,1451131,11CDP,1,1,851,,False
1310017,1451131,11CDQ,1,1,859,,False
1774247,1451131,11CDR,1,1,874,,False
1544392,1451131,11CDS,1,1,885,,False
1020253,1451131,11CDT,1,1,908,,False
1600396,1451131,11CE,1,1,600,,False
1098856,1451131,11CF,1,1,604,,False
1013183,1451131,11CG,1,1,618,,False
1170518,1451131,11CH,1,1,651,,False
1646253,1451131,11CI,1,1,661,,False
1720319,1451131,11CJ,1,1,681,1955,True
1415039,1451131,11CJR1,1,1,594,1730,True
1419464,1451131,11CJR2,1,1,629,,False
1054802,1451131,11CK,1,1,706,,False
1812648,1451131,11CL,1,1,708,,False
1099856,1451131,11CM,1,1,714,1950,True
1370014,1451131,11CN,1,1,723,,False
1218001,1451131,11CO,1,1,738,,False
1230376,1451131,11CP,1,1,739,,False
1276012,1451131,11CQ,1,1,740,,False
1934316,1451131,11CR,1,1,751,2055,True
1769906,1451131,11CS,1,1,816,,False
1670805,1451131,11CTH,1,1,846,,False
1430379,1451131,21CA,2,1,817,2410,True
1053323,1451131,21CB,2,1,849,2350,True
1362806,1451131,22CA,2,2,929,,False
1417418,1451131,22CB,2,2,999,,False
1954251,1451131,22CC,2,2,1016,,False
1720188,1451131,22CD,2,2,1019,2975,True
1391738,1451131,22CE,2,2,1071,,False
1839383,1451131,22CF,2,2,1093,,False
1070617,1451131,22CG,2,2,1101,,False
1851517,1451131,22CH,2,2,1125,2785,True
1354759,1451131,22CI,2,2,1137,,False
1239834,1451131,22CJ,2,2,1141,,False
1457714,1451131,22CTH,2,2,1238,3385,True
1928938,1451131,21CA,2,1,817,2410,True
1690933,1451131,21CB,2,1,849,2350,True
1733016,1451131,22CA,2,2,929,,False
1639319,1451131,22CB,2,2,999,,False
1022795,1451131,22CC,2,2,1016,,False
1051834,1451131,22CD,2,2,1019,2975,True
1746358,1451131,22CE,2,2,1071,,False
1277674,1451131,22CF,2,2,1093,,False
1654834,1451131,22CG,2,2,1101,,False
1983443,1451131,22CH,2,2,1125,2785,True
1310075,1451131,22CI,2,2,1137,,False
1457842,1451131,22CJ,2,2,1141,,False
1050968,1451131,22CTH,2,2,1238,3385,True
1167106,1451131,21CA,2,1,817,2410,True
1618697,1451131,21CB,2,1,849,2350,True
1690776,1451131,22CA,2,2,929,,False
1847048,1451131,22CB,2,2,999,,False
1833432,1451131,22CC,2,2,1016,,False
1057614,1451131,22CD,2,2,1019,2975,True
1738816,1451131,22CE,2,2,1071,,False
1066984,1451131,22CF,2,2,1093,,False
1269009,1451131,22CG,2,2,1101,,False
1653963,1451131,22CH,2,2,1125,2785,True
1366256,1451131,22CI,2,2,1137,,False
1843424,1451131,22CJ,2,2,1141,,False
1877445,1451131,22CTH,2,2,1238,3385,True
1164895,1451131,21CA,2,1,817,2410,True
1613378,1451131,21CB,2,1,849,2350,True
1626538,1451131,22CA,2,2,929,,False
1787789,1451131,22CB,2,2,999,,False
1086941,1451131,22CC,2,2,1016,,False
1196699,1451131,22CD,2,2,1019,2975,True
1515536,1451131,22CE,2,2,1071,,False
1405059,1451131,22CF,2,2,1093,,False
1788744,1451131,22CG,2,2,1101,,False
1177072,1451131,22CH,2,2,1125,2785,True
1830178,1451131,22CI,2,2,1137,,False
1515281,1451131,22CJ,2,2,1141,,False
1547568,1451131,22CTH,2,2,1238,3385,True
1466463,1604231,0x1a-p1,0,1,367,,False
1548931,1604231,0x1a-p1,0,1,367,,False
1329654,1604231,0x1a-p2,0,1,367,1286,True
1015554,1604231,0x1a-p2,0,1,367,1286,True
1964123,1604231,0x1a-p3,0,1,367,1261,True
1069120,1604231,0x1a-p3,0,1,367,1261,True
1270710,1604231,0x1a-p4,0,1,367,,False
1809753,1604231,0x1a-p4,0,1,367,,False
1531941,1604231,0x1b,0,1,502,1361,True
1953793,1604231,0x1b,0,1,502,1361,True
1991482,1604231,0x1c,0,1,504,,False
1981677,1604231,0x1c,0,1,504,,False
1970797,1604231,0x1d,0,1,574,1461,True
1358393,1604231,0x1d,0,1,574,1461,True
1848021,1604231,0x1e,0,1,531,1396,True
1437067,1604231,0x1e,0,1,531,1396,True
1180989,1604231,1x1a,1,1,848,,False
1305852,1604231,1x1a,1,1,848,,False
1238601,1604231,1x1b,1,1,702,,False
1536273,1604231,1x1b,1,1,702,,False
1225757,1604231,1x1e,1,1,557,,False
1895328,1604231,1x1e,1,1,557,,False
1493316,1604231,1x1f,1,1,598,,False
1523434,1604231,1x1f,1,1,598,,False
1765545,1604231,1x1g-p1,1,1,642,,False
1784438,1604231,1x1g-p1,1,1,642,,False
1255350,1604231,1x1g-p2,1,1,642,,False
1521659,1604231,1x1g-p2,1,1,642,,False
1771378,1604231,1x1g-p3,1,1,642,,False
1972476,1604231,1x1g-p3,1,1,642,,False
1822951,1604231,1x1h-p1,1,1,660,,False
1519474,1604231,1x1h-p1,1,1,660,,False
1585453,1604231,1x1h-p2,1,1,660,,False
1964672,1604231,1x1h-p2,1,1,660,,False
1944621,1604231,1x1i,1,1,695,,False
1648017,1604231,1x1i,1,1,695,,False
1916404,1604231,1x1j,1,1,702,,False
1665166,1604231,1x1j,1,1,702,,False
1445496,1604231,1x1k,1,1,722,,False
1061242,1604231,1x1k,1,1,722,,False
1622103,1604231,1x1l,1,1,735,,False
1395925,1604231,1x1l,1,1,735,,False
1344784,1604231,1x1m,1,1,780,,False
1156712,1604231,1x1m,1,1,780,,False
1296174,1604231,1x1n,1,1,818,,False
1148476,1604231,1x1n,1,1,818,,False
1162338,1604231,1x1p,1,1,903,,False
1475591,1604231,1x1p,1,1,903,,False
1857208,1604231,1x1q,1,1,903,,False
1853358,1604231,1x1q,1,1,903,,False
1080699,1604231,1x1r-p2,1,1,903,,False
1169694,1604231,1x1r-p2,1,1,903,,False
1284799,1604231,1x1r-p3,1,1,903,,False
1273565,1604231,1x1r-p3,1,1,903,,False
1610498,1604231,1x1s-p1,1,1,712,1830,True
1858164,1604231,1x1s-p1,1,1,712,1830,True
1611576,1604231,1x1s-p2,1,1,695,,False
1658276,1604231,1x1s-p2,1,1,695,,False
1407185,1604231,1x1s-p3,1,1,686,2079,True
1637748,1604231,1x1s-p3,1,1,686,2079,True
1469928,1604231,1x1t,1,1,367,1351,True
1490115,1604231,1x1t,1,1,367,1351,True
1291161,1604231,2x1a,2,1,758,2595,True
1016449,1604231,2x1a,2,1,758,2595,True
1318353,1604231,2x1c,2,1,903,,False
1032020,1604231,2x1c,2,1,903,,False
1916593,1604231,2x2a,2,2,974,,False
1010773,1604231,2x2a,2,2,974,,False
1629398,1604231,2x2b,2,2,1019,,False
1293768,1604231,2x2b,2,2,1019,,False
1743292,1604231,2x2c-p1,2,2,1069,,False
1758679,1604231,2x2c-p1,2,2,1069,,False
1636726,1604231,2x2c-p2,2,2,1019,,False
1153659,1604231,2x2c-p2,2,2,1019,,False
1083986,1604231,2x2d,2,2,930,2780,True
1585123,1604231,2x2d,2,2,930,2780,True
1117223,1604231,2x2e-p1,2,2,907,,False
1822891,1604231,2x2e-p1,2,2,907,,False
1216082,1604231,2x2e-p2,2,2,933,2755,True
1572766,1604231,2x2e-p2,2,2,933,2755,True
1232357,1604231,2x2f,2,2,974,,False
1151216,1604231,2x2f,2,2,974,,False
1489068,1604231,2x2g,2,2,983,,False
1488653,1604231,2x2g,2,2,983,,False
1112792,1604231,2x2h,2,2,983,,False
1129959,1604231,2x2h,2,2,983,,False
1011876,1604231,2x2i,2,2,969,,False
1828682,1604231,2x2i,2,2,969,,False
1734491,1955498,Studio A,0,1,546,,False
1300645,1955498,Studio A,0,1,546,,False
1648888,1955498,Studio B,0,1,511,1420,True
1320295,1955498,Studio B,0,1,511,1420,True
1150225,1955498,Studio C,0,1,556,,False
1702179,1955498,Studio C,0,1,556,,False
1432094,1955498,Studio D,0,1,500,,False
1710213,1955498,Studio D,0,1,500,,False
1101359,1955498,Studio E,0,1,474,,False
1686737,1955498,Studio E,0,1,474,,False
1358284,1955498,1 Bedroom A,1,1,741,,False
1729406,1955498,1 Bedroom A,1,1,741,,False
1700176,1955498,1 Bedroom B,1,1,628,,False
1522893,1955498,1 Bedroom B,1,1,628,,False
1845122,1955498,1 Bedroom C,1,1,661,,False
1341845,1955498,1 Bedroom C,1,1,661,,False
1527173,1955498,1 Bedroom D,1,1,771,,False
1351196,1955498,1 Bedroom D,1,1,771,,False
1855542,1955498,1 Bedroom with Den,1,1,828,,False
1429726,1955498,1 Bedroom with Den,1,1,828,,False
1259697,1955498,Open 1 Bedroom A,1,1,592,,False
1754147,1955498,Open 1 Bedroom A,1,1,592,,False
1674873,1955498,Open 1 Bedroom B,1,1,615,,False
1436274,1955498,Open 1 Bedroom B,1,1,615,,False
1268936,1955498,Live/Work,1,1,1029,2495,True
1981421,1955498,Live/Work,1,1,1029,2495,True
1008676,1955498,2 Bedroom A,2,1,853,2450,True
1006554,1955498,2 Bedroom A,2,1,853,2450,True
1527979,1955498,2 Bedroom B,2,2,978,,False
1179205,1955498,2 Bedroom B,2,2,978,,False
1082300,1955498,2 Bedroom C,2,2,893,,False
1242626,1955498,2 Bedroom C,2,2,893,,False
1151040,1955498,1 Bed 1 Bath - MFTE,1,1,605,,False
1042797,1955498,1 Bed 1 Bath - MFTE,1,1,605,,False
1775479,1955498,Studio - MFTE,0,1,506,,False
1732894,1955498,Studio - MFTE,0,1,506,,False
1896456,1955498,2 Bed 2 Bath MFTE,2,2,978,,False
1621323,1955498,2 Bed 2 Bath MFTE,2,2,978,,False
1589211,1799850,0x1a-p1,0,1,367,,False
1756907,1799850,0x1a-p1,0,1,367,,False
1524633,1799850,0x1a-p2,0,1,367,1286,True
1183032,1799850,0x1a-p2,0,1,367,1286,True
1089336,1799850,0x1a-p3,0,1,367,1261,True
1020638,1799850,0x1a-p3,0,1,367,1261,True
1189184,1799850,0x1a-p4,0,1,367,,False
1665441,1799850,0x1a-p4,0,1,367,,False
1293848,1799850,0x1b,0,1,502,1361,True
1519919,1799850,0x1b,0,1,502,1361,True
1538631,1799850,0x1c,0,1,504,,False
1624372,1799850,0x1c,0,1,504,,False
1069455,1799850,0x1d,0,1,574,1461,True
1559582,1799850,0x1d,0,1,574,1461,True
1867455,1799850,0x1e,0,1,531,1396,True
1280446,1799850,0x1e,0,1,531,1396,True
1267775,1799850,1x1a,1,1,848,,False
1319694,1799850,1x1a,1,1,848,,False
1305368,1799850,1x1b,1,1,702,,False
1972193,1799850,1x1b,1,1,702,,False
1501509,1799850,1x1e,1,1,557,,False
1895142,1799850,1x1e,1,1,557,,False
1138247,1799850,1x1f,1,1,598,,False
1434532,1799850,1x1f,1,1,598,,False
1132632,1799850,1x1g-p1,1,1,642,,False
1745088,1799850,1x1g-p1,1,1,642,,False
1783815,1799850,1x1g-p2,1,1,642,,False
1973533,1799850,1x1g-p2,1,1,642,,False
1121963,1799850,1x1g-p3,1,1,642,,False
1420547,1799850,1x1g-p3,1,1,642,,False
1815668,1799850,1x1h-p1,1,1,660,,False
1376447,1799850,1x1h-p1,1,1,660,,False
1095232,1799850,1x1h-p2,1,1,660,,False
1860308,1799850,1x1h-p2,1,1,660,,False
1563618,1799850,1x1i,1,1,695,,False
1807992,1799850,1x1i,1,1,695,,False
1034173,1799850,1x1j,1,1,702,,False
1846294,1799850,1x1j,1,1,702,,False
1345727,1799850,1x1k,1,1,722,,False
1108833,1799850,1x1k,1,1,722,,False
1520636,1799850,1x1l,1,1,735,,False
1169751,1799850,1x1l,1,1,735,,False
1945710,1799850,1x1m,1,1,780,,False
1608278,1799850,1x1m,1,1,780,,False
1176927,1799850,1x1n,1,1,818,,False
1480667,1799850,1x1n,1,1,818,,False
1959373,1799850,1x1p,1,1,903,,False
1207502,1799850,1x1p,1,1,903,,False
1923617,1799850,1x1q,1,1,903,,False
1050090,1799850,1x1q,1,1,903,,False
1610739,1799850,1x1r-p2,1,1,903,,False
1816718,1799850,1x1r-p2,1,1,903,,False
1056889,1799850,1x1r-p3,1,1,903,,False
1222722,1799850,1x1r-p3,1,1,903,,False
1263396,1799850,1x1s-p1,1,1,712,1830,True
1656026,1799850,1x1s-p1,1,1,712,1830,True
1192061,1799850,1x1s-p2,1,1,695,,False
1120280,1799850,1x1s-p2,1,1,695,,False
1572059,1799850,1x1s-p3,1,1,686,2079,True
1987696,1799850,1x1s-p3,1,1,686,2079,True
1763253,1799850,1x1t,1,1,367,1351,True
1108086,1799850,1x1t,1,1,367,1351,True
1547258,1799850,2x1a,2,1,758,2595,True
1973338,1799850,2x1a,2,1,758,2595,True
1399391,1799850,2x1c,2,1,903,,False
1012601,1799850,2x1c,2,1,903,,False
1985006,1799850,2x2a,2,2,974,,False
1861080,1799850,2x2a,2,2,974,,False
1767083,1799850,2x2b,2,2,1019,,False
1874982,1799850,2x2b,2,2,1019,,False
1370867,1799850,2x2c-p1,2,2,1069,,False
1033942,1799850,2x2c-p1,2,2,1069,,False
1400700,1799850,2x2c-p2,2,2,1019,,False
1465773,1799850,2x2c-p2,2,2,1019,,False
1031692,1799850,2x2d,2,2,930,2780,True
1165219,1799850,2x2d,2,2,930,2780,True
1106204,1799850,2x2e-p1,2,2,907,,False
1168277,1799850,2x2e-p1,2,2,907,,False
1190204,1799850,2x2e-p2,2,2,933,2755,True
1738368,1799850,2x2e-p2,2,2,933,2755,True
1386686,1799850,2x2f,2,2,974,,False
1580830,1799850,2x2f,2,2,974,,False
1989455,1799850,2x2g,2,2,983,,False
1106222,1799850,2x2g,2,2,983,,False
1031341,1799850,2x2h,2,2,983,,False
1198820,1799850,2x2h,2,2,983,,False
1674039,1799850,2x2i,2,2,969,,False
1838206,1799850,2x2i,2,2,969,,False
1095490,1258276,Studio,0,1,,1760,True
1916422,1258276,Studio,0,1,,1760,True
1737561,1258276,Open 1 bedroom,1,1,,1779,True
1952103,1258276,Open 1 bedroom,1,1,,1779,True
1798634,1258276,1 bedroom,1,1,,2186,True
1945660,1258276,1 bedroom,1,1,,2186,True
1539924,1258276,2 bedroom 2 bath,2,2,,3093,True
1970025,1258276,2 bedroom 2 bath,2,2,,3093,True
1707630,1258276,Live/Work,0,1,,1773,True
1401844,1258276,Live/Work,0,1,,1773,True
1795862,1258276,2 bedroom 1 bath,2,1,,,False
1335084,1258276,2 bedroom 1 bath,2,1,,,False
1593798,1823068,1 Bed 1 Bath,1,1,740,,False
1049870,1823068,1 Bed 1 Bath,1,1,740,,False
1274526,1823068,2 Bed 1 Bath,2,1,725,,False
1949838,1823068,2 Bed 1 Bath,2,1,725,,False
1383740,1823068,2 Bedroom 1 Bath,2,1,815,1850,True
1405285,1823068,2 Bedroom 1 Bath,2,1,815,1850,True
1906888,1823068,2 Bedroom 1 Bath,2,1,950,,False
1002026,1823068,2 Bedroom 1 Bath,2,1,950,,False
1253866,1823068,2 Bedroom 1 Bath,2,1,975,,False
1691112,1823068,2 Bedroom 1 Bath,2,1,975,,False
1466631,1512618,Studio,0,1,414,1331,True
1517469,1512618,Studio,0,1,414,1331,True
1314953,1512618,1x1,1,1,565,1461,True
1218135,1512618,1x1,1,1,565,1461,True
1176721,1512618,1x1 W/D,1,1,551,,False
1690510,1512618,1x1 W/D,1,1,551,,False
1910626,1512618,2x2 W/D,2,2,861,2140,True
1283193,1512618,2x2 W/D,2,2,861,2140,True
1039307,1512618,Penthouse,2,2,1800,,False
1299718,1512618,Penthouse,2,2,1800,,False
1278935,1731746,The BMX,1,1,600,1849,True
1328733,1731746,The BMX,1,1,600,1849,True
1126122,1731746,The Tandem,2,1,820,,False
1854528,1731746,The Tandem,2,1,820,,False
1860210,1731746,The Hybrid,1,1,600,,False
1652281,1731746,The Hybrid,1,1,600,,False
1360395,1656487,0x1a-p1,0,1,367,,False
1210137,1656487,0x1a-p1,0,1,367,,False
1254930,1656487,0x1a-p2,0,1,367,1286,True
1596021,1656487,0x1a-p2,0,1,367,1286,True
1231745,1656487,0x1a-p3,0,1,367,1261,True
1542105,1656487,0x1a-p3,0,1,367,1261,True
1314636,1656487,0x1a-p4,0,1,367,,False
1672112,1656487,0x1a-p4,0,1,367,,False
1745668,1656487,0x1b,0,1,502,1361,True
1597123,1656487,0x1b,0,1,502,1361,True
1116847,1656487,0x1c,0,1,504,,False
1045315,1656487,0x1c,0,1,504,,False
1534545,1656487,0x1d,0,1,574,1461,True
1328025,1656487,0x1d,0,1,574,1461,True
1812422,1656487,0x1e,0,1,531,1396,True
1604341,1656487,0x1e,0,1,531,1396,True
1495147,1656487,1x1a,1,1,848,,False
1325835,1656487,1x1a,1,1,848,,False
1324781,1656487,1x1b,1,1,702,,False
1970925,1656487,1x1b,1,1,702,,False
1165858,1656487,1x1e,1,1,557,,False
1286999,1656487,1x1e,1,1,557,,False
1781645,1656487,1x1f,1,1,598,,False
1875615,1656487,1x1f,1,1,598,,False
1574730,1656487,1x1g-p1,1,1,642,,False
1725380,1656487,1x1g-p1,1,1,642,,False
1573785,1656487,1x1g-p2,1,1,642,,False
1969696,1656487,1x1g-p2,1,1,642,,False
1055809,1656487,1x1g-p3,1,1,642,,False
1493668,1656487,1x1g-p3,1,1,642,,False
1662771,1656487,1x1h-p1,1,1,660,,False
1789410,1656487,1x1h-p1,1,1,660,,False
1052278,1656487,1x1h-p2,1,1,660,,False
1932788,1656487,1x1h-p2,1,1,660,,False
1958771,1656487,1x1i,1,1,695,,False
1868992,1656487,1x1i,1,1,695,,False
1919822,1656487,1x1j,1,1,702,,False
1989903,1656487,1x1j,1,1,702,,False
1615748,1656487,1x1k,1,1,722,,False
1728046,1656487,1x1k,1,1,722,,False
1870308,1656487,1x1l,1,1,735,,False
1070882,1656487,1x1l,1,1,735,,False
1485052,1656487,1x1m,1,1,780,,False
1285783,1656487,1x1m,1,1,780,,False
1188786,1656487,1x1n,1,1,818,,False
1097801,1656487,1x1n,1,1,818,,False
1270001,1656487,1x1p,1,1,903,,False
1796834,1656487,1x1p,1,1,903,,False
1896508,1656487,1x1q,1,1,903,,False
1458283,1656487,1x1q,1,1,903,,False
1691719,1656487,1x1r-p2,1,1,903,,False
1102940,1656487,1x1r-p2,1,1,903,,False
1683727,1656487,1x1r-p3,1,1,903,,False
1420116,1656487,1x1r-p3,1,1,903,,False
1745325,1656487,1x1s-p1,1,1,712,1830,True
1181353,1656487,1x1s-p1,1,1,712,1830,True
1694507,1656487,1x1s-p2,1,1,695,,False
1210178,1656487,1x1s-p2,1,1,695,,False
1051403,1656487,1x1s-p3,1,1,686,2079,True
1043371,1656487,1x1s-p3,1,1,686,2079,True
1847366,1656487,1x1t,1,1,367,1351,True
1915284,1656487,1x1t,1,1,367,1351,True
1648932,1656487,2x1a,2,1,758,2595,True
1349371,1656487,2x1a,2,1,758,2595,True
1508206,1656487,2x1c,2,1,903,,False
1851842,1656487,2x1c,2,1,903,,False
1262702,1656487,2x2a,2,2,974,,False
1189368,1656487,2x2a,2,2,974,,False
1253392,1656487,2x2b,2,2,1019,,False
1741214,1656487,2x2b,2,2,1019,,False
1809751,1656487,2x2c-p1,2,2,1069,,False
1786607,1656487,2x2c-p1,2,2,1069,,False
1382352,1656487,2x2c-p2,2,2,1019,,False
1757293,1656487,2x2c-p2,2,2,1019,,False
1592847,1656487,2x2d,2,2,930,2780,True
1360124,1656487,2x2d,2,2,930,2780,True
1715136,1656487,2x2e-p1,2,2,907,,False
1746416,1656487,2x2e-p1,2,2,907,,False
1133655,1656487,2x2e-p2,2,2,933,2755,True
1267362,1656487,2x2e-p2,2,2,933,2755,True
1772669,1656487,2x2f,2,2,974,,False
1348436,1656487,2x2f,2,2,974,,False
1395386,1656487,2x2g,2,2,983,,False
1961334,1656487,2x2g,2,2,983,,False
1984929,1656487,2x2h,2,2,983,,False
1751840,1656487,2x2h,2,2,983,,False
1232055,1656487,2x2i,2,2,969,,False
1181944,1656487,2x2i,2,2,969,,False
1777875,1940467,1 Bed/1 Bath,1,1,633,1568,True
1325551,1940467,1 Bed/1 Bath,1,1,633,1568,True
1978721,1940467,1 Bed/1 Bath Large,1,1,835,1570,True
1880315,1940467,1 Bed/1 Bath Large,1,1,835,1570,True
1809701,1940467,1 Bed/1 Bath + Den,1,1,954,1603,True
1476669,1940467,1 Bed/1 Bath + Den,1,1,954,1603,True
1770584,1940467,2 Bed/1 Bath,2,1,,,False
1412358,1940467,2 Bed/1 Bath,2,1,,,False
1970849,1940467,2 Bed/1 Bath Large,2,1,,,False
1627900,1940467,2 Bed/1 Bath Large,2,1,,,False
1683611,1940467,2 Bed/2 Bath,2,2,897,1963,True
1620438,1940467,2 Bed/2 Bath,2,2,897,1963,True
1136518,1940467,2 Bed/2 Bath Large,2,2,985,1929,True
1882483,1940467,2 Bed/2 Bath Large,2,2,985,1929,True
1699145,1940467,2 Bed/2 Bath + Den,2,2,1053,1744,True
1847078,1940467,2 Bed/2 Bath + Den,2,2,1053,1744,True
1650981,1940467,3 Bed/2 Bath,3,2,1053,2347,True
1612977,1940467,3 Bed/2 Bath,3,2,1053,2347,True
1987524,1940467,3 Bed/2 Bath Large,3,2,1101,2326,True
1389460,1940467,3 Bed/2 Bath Large,3,2,1101,2326,True
1232585,1095885,Studio 1 Bath,0,1,380,,False
1664907,1095885,1 bed 1 bath B,1,1,651,,False
1193778,1095885,1 bed 1 bath C,1,1,688,,False
1505875,1095885,2 bed 1 bath B,2,1,793,,False
1989508,1095885,2 bed 1 bath C,2,1,889,,False
1126917,1095885,3 bed 2 bath,3,2,1200,,False
1987395,1547051,Studio A,0,1,504,1520,True
1162857,1547051,Studio A,0,1,504,1520,True
1805512,1547051,Studio B,0,1,506,,False
1180193,1547051,Studio B,0,1,506,,False
1941889,1547051,Studio C,0,1,514,1620,True
1217988,1547051,Studio C,0,1,514,1620,True
1561745,1547051,Studio D,0,1,530,,False
1969301,1547051,Studio D,0,1,530,,False
1919802,1547051,Studio E,0,1,564,,False
1788745,1547051,Studio E,0,1,564,,False
1157855,1547051,Studio F,0,1,575,,False
1092119,1547051,Studio F,0,1,575,,False
1554500,1230772,Studio,0,1,414,1331,True
1040089,1230772,Studio,0,1,414,1331,True
1331055,1230772,1x1,1,1,565,1461,True
1473291,1230772,1x1,1,1,565,1461,True
1659568,1230772,1x1 W/D,1,1,551,,False
1185258,1230772,1x1 W/D,1,1,551,,False
1514344,1230772,2x2 W/D,2,2,861,2140,True
1044212,1230772,2x2 W/D,2,2,861,2140,True
1286996,1230772,Penthouse,2,2,1800,,False
1327657,1230772,Penthouse,2,2,1800,,False
1658043,1477387,Studio,0,1,455,1589,True
1107032,1477387,1 Bed 1 Bath,1,1,903,1791,True
1383184,1477387,2 Bed 1 Bath,2,1,960,2627,True
1856955,1477387,2 Bed 2 Bath,2,2,972,,False
1447859,1477387,Live/Work,1,1,954,,False
1498433,1184357,1x1,1,1,550,,False
1680542,1340774,Unit A,0,1,426,1450,True
1222215,1340774,Unit A,0,1,426,1450,True
1698124,1340774,Unit B,0,1,426,,False
1768198,1340774,Unit B,0,1,426,,False
1282859,1340774,Unit C,0,1,426,1299,True
1488131,1340774,Unit C,0,1,426,1299,True
1695380,1340774,Unit D,0,1,464,,False
1777755,1340774,Unit D,0,1,464,,False
1551096,1340774,Unit E,0,1,500,,False
1099527,1340774,Unit E,0,1,500,,False
1912130,1340774,Unit F,1,1,818,,False
1333627,1340774,Unit F,1,1,818,,False
1517920,1340774,Unit G,0,1,426,,False
1976592,1340774,Unit G,0,1,426,,False
1803870,1340774,Unit H,1,1,818,,False
1423320,1340774,Unit H,1,1,818,,False
1102483,1096876,1BD - Surf,1,1,448,1510,True
1539638,1096876,1BD - Surf,1,1,448,1510,True
1294142,1749569,11CA,1,1,507,,False
1898345,1749569,11CB,1,1,535,1730,True
1464922,1749569,11CC,1,1,540,,False
1154005,1749569,11CD,1,1,567,1885,True
1686770,1749569,11CDA,1,1,651,,False
1933061,1749569,11CDB,1,1,708,,False
1056672,1749569,11CDC,1,1,714,,False
1088188,1749569,11CDD,1,1,740,,False
1037532,1749569,11CDE,1,1,748,,False
1244459,1749569,11CDF,1,1,754,,False
1867907,1749569,11CDG,1,1,765,,False
1209213,1749569,11CDH,1,1,767,,False
1766856,1749569,11CDI,1,1,768,,False
1338773,1749569,11CDJ,1,1,769,,False
1558071,1749569,11CDK,1,1,775,,False
1812858,1749569,11CDL,1,1,781,1830,True
1010932,1749569,11CDM,1,1,784,,False
1062620,1749569,11CDN,1,1,798,,False
1507457,1749569,11CDP,1,1,851,,False
1421991,1749569,11CDQ,1,1,859,,False
1604385,1749569,11CDR,1,1,874,,False
1619543,1749569,11CDS,1,1,885,,False
1845872,1749569,11CDT,1,1,908,,False
1741763,1749569,11CE,1,1,600,,False
1354985,1749569,11CF,1,1,604,,False
1584249,1749569,11CG,1,1,618,,False
1784992,1749569,11CH,1,1,651,,False
1821814,1749569,11CI,1,1,661,,False
1860873,1749569,11CJ,1,1,681,1955,True
1755209,1749569,11CJR1,1,1,594,1730,True
1641351,1749569,11CJR2,1,1,629,,False
1565605,1749569,11CK,1,1,706,,False
1153996,1749569,11CL,1,1,708,,False
1179750,1749569,11CM,1,1,714,1950,True
1341643,1749569,11CN,1,1,723,,False
1967742,1749569,11CO,1,1,738,,False
1912502,1749569,11CP,1,1,739,,False
1954386,1749569,11CQ,1,1,740,,False
1313698,1749569,11CR,1,1,751,2055,True
1689577,1749569,11CS,1,1,816,,False
1161266,1749569,11CTH,1,1,846,,False
1060278,1749569,11CA,1,1,507,,False
1628804,1749569,11CB,1,1,535,1730,True
1847375,1749569,11CC,1,1,540,,False
1431517,1749569,11CD,1,1,567,1885,True
1446051,1749569,11CDA,1,1,651,,False
1909885,1749569,11CDB,1,1,708,,False
1877794,1749569,11CDC,1,1,714,,False
1458890,1749569,11CDD,1,1,740,,False
1419510,1749569,11CDE,1,1,748,,False
1489040,1749569,11CDF,1,1,754,,False
1906325,1749569,11CDG,1,1,765,,False
1161475,1749569,11CDH,1,1,767,,False
1571511,1749569,11CDI,1,1,768,,False
1809205,1749569,11CDJ,1,1,769,,False
1129222,1749569,11CDK,1,1,775,,False
1237338,1749569,11CDL,1,1,781,1830,True
1142056,1749569,11CDM,1,1,784,,False
1392309,1749569,11CDN,1,1,798,,False
1162334,1749569,11CDP,1,1,851,,False
1216736,1749569,11CDQ,1,1,859,,False
1843364,1749569,11CDR,1,1,874,,False
1858952,1749569,11CDS,1,1,885,,False
1162111,1749569,11CDT,1,1,908,,False
1952975,1749569,11CE,1,1,600,,False
1964482,1749569,11CF,1,1,604,,False
1979808,1749569,11CG,1,1,618,,False
1607048,1749569,11CH,1,1,651,,False
1363435,1749569,11CI,1,1,661,,False
1572006,1749569,11CJ,1,1,681,1955,True
1990457,1749569,11CJR1,1,1,594,1730,True
1305098,1749569,11CJR2,1,1,629,,False
1717700,1749569,11CK,1,1,706,,False
1888241,1749569,11CL,1,1,708,,False
1999830,1749569,11CM,1,1,714,1950,True
1440801,1749569,11CN,1,1,723,,False
1302462,1749569,11CO,1,1,738,,False
1674632,1749569,11CP,1,1,739,,False
1037350,1749569,11CQ,1,1,740,,False
1497012,1749569,11CR,1,1,751,2055,True
1221218,1749569,11CS,1,1,816,,False
1754876,1749569,11CTH,1,1,846,,False
1631899,1749569,11CA,1,1,507,,False
1838990,1749569,11CB,1,1,535,1730,True
1137950,1749569,11CC,1,1,540,,False
1437313,1749569,11CD,1,1,567,1885,True
1194519,1749569,11CDA,1,1,651,,False
1602336,1749569,11CDB,1,1,708,,False
1575012,1749569,11CDC,1,1,714,,False
1373052,1749569,11CDD,1,1,740,,False
1510158,1749569,11CDE,1,1,748,,False
1285166,1749569,11CDF,1,1,754,,False
1246646,1749569,11CDG,1,1,765,,False
1371549,1749569,11CDH,1,1,767,,False
1693203,1749569,11CDI,1,1,768,,False
1775344,1749569,11CDJ,1,1,769,,False
1049561,1749569,11CDK,1,1,775,,False
1073334,1749569,11CDL,1,1,781,1830,True
1278382,1749569,11CDM,1,1,784,,False
1187937,1749569,11CDN,1,1,798,,False
1322661,1749569,11CDP,1,1,851,,False
1366422,1749569,11CDQ,1,1,859,,False
1857701,1749569,11CDR,1,1,874,,False
1500368,1749569,11CDS,1,1,885,,False
1382354,1749569,11CDT,1,1,908,,False
1174491,1749569,11CE,1,1,600,,False
1874149,1749569,11CF,1,1,604,,False
1803662,1749569,11CG,1,1,618,,False
1864497,1749569,11CH,1,1,651,,False
1996255,1749569,11CI,1,1,661,,False
1368659,1749569,11CJ,1,1,681,1955,True
1694453,1749569,11CJR1,1,1,594,1730,True
1715272,1749569,11CJR2,1,1,629,,False
1789243,1749569,11CK,1,1,706,,False
1177878,1749569,11CL,1,1,708,,False
1428482,1749569,11CM,1,1,714,1950,True
1224380,1749569,11CN,1,1,723,,False
1811160,1749569,11CO,1,1,738,,False
1253861,1749569,11CP,1,1,739,,False
1033612,1749569,11CQ,1,1,740,,False
1984127,1749569,11CR,1,1,751,2055,True
1522438,1749569,11CS,1,1,816,,False
1797433,1749569,11CTH,1,1,846,,False
1494298,1749569,11CA,1,1,507,,False
1486395,1749569,11CB,1,1,535,1730,True
1805639,1749569,11CC,1,1,540,,False
1409994,1749569,11CD,1,1,567,1885,True
1695089,1749569,11CDA,1,1,651,,False
1967792,1749569,11CDB,1,1,708,,False
1911138,1749569,11CDC,1,1,714,,False
1669267,1749569,11CDD,1,1,740,,False
1178564,1749569,11CDE,1,1,748,,False
1729102,1749569,11CDF,1,1,754,,False
1158176,1749569,11CDG,1,1,765,,False
1948950,1749569,11CDH,1,1,767,,False
1972521,1749569,11CDI,1,1,768,,False
1079531,1749569,11CDJ,1,1,769,,False
1537033,1749569,11CDK,1,1,775,,False
1572795,1749569,11CDL,1,1,781,1830,True
1927015,1749569,11CDM,1,1,784,,False
1201925,1749569,11CDN,1,1,798,,False
1379108,1749569,11CDP,1,1,851,,False
1087170,1749569,11CDQ,1,1,859,,False
1990557,1749569,11CDR,1,1,874,,False
1441137,1749569,11CDS,1,1,885,,False
1058000,1749569,11CDT,1,1,908,,False
1847630,1749569,11CE,1,1,600,,False
1435575,1749569,11CF,1,1,604,,False
1538276,1749569,11CG,1,1,618,,False
1706736,1749569,11CH,1,1,651,,False
1192021,1749569,11CI,1,1,661,,False
1430384,1749569,11CJ,1,1,681,1955,True
1778403,1749569,11CJR1,1,1,594,1730,True
1995218,1749569,11CJR2,1,1,629,,False
1590449,1749569,11CK,1,1,706,,False
1011395,1749569,11CL,1,1,708,,False
1026844,1749569,11CM,1,1,714,1950,True
1427337,1749569,11CN,1,1,723,,False
1584535,1749569,11CO,1,1,738,,False
1544078,1749569,11CP,1,1,739,,False
1831958,1749569,11CQ,1,1,740,,False
1556320,1749569,11CR,1,1,751,2055,True
1226277,1749569,11CS,1,1,816,,False
1083674,1749569,11CTH,1,1,846,,False
1333533,1749569,21CA,2,1,817,2410,True
1145781,1749569,21CB,2,1,849,2350,True
1972308,1749569,22CA,2,2,929,,False
1156726,1749569,22CB,2,2,999,,False
1071416,1749569,22CC,2,2,1016,,False
1275784,1749569,22CD,2,2,1019,2975,True
1466659,1749569,22CE,2,2,1071,,False
1316850,1749569,22CF,2,2,1093,,False
1944994,1749569,22CG,2,2,1101,,False
1922739,1749569,22CH,2,2,1125,2785,True
1933667,1749569,22CI,2,2,1137,,False
1896278,1749569,22CJ,2,2,1141,,False
1009789,1749569,22CTH,2,2,1238,3385,True
1465026,1749569,21CA,2,1,817,2410,True
1066151,1749569,21CB,2,1,849,2350,True
1013524,1749569,22CA,2,2,929,,False
1212780,1749569,22CB,2,2,999,,False
1323636,1749569,22CC,2,2,1016,,False
1528379,1749569,22CD,2,2,1019,2975,True
1503836,1749569,22CE,2,2,1071,,False
1329130,1749569,22CF,2,2,1093,,False
1014099,1749569,22CG,2,2,1101,,False
1395399,1749569,22CH,2,2,1125,2785,True
1894727,1749569,22CI,2,2,1137,,False
1942260,1749569,22CJ,2,2,1141,,False
1011997,1749569,22CTH,2,2,1238,3385,True
1307860,1749569,21CA,2,1,817,2410,True
1967194,1749569,21CB,2,1,849,2350,True
1967719,1749569,22CA,2,2,929,,False
1121710,1749569,22CB,2,2,999,,False
1342788,1749569,22CC,2,2,1016,,False
1883344,1749569,22CD,2,2,1019,2975,True
1077776,1749569,22CE,2,2,1071,,False
1761352,1749569,22CF,2,2,1093,,False
1998441,1749569,22CG,2,2,1101,,False
1514431,1749569,22CH,2,2,1125,2785,True
1899855,1749569,22CI,2,2,1137,,False
1876776,1749569,22CJ,2,2,1141,,False
1484104,1749569,22CTH,2,2,1238,3385,True
1131900,1749569,21CA,2,1,817,2410,True
1279714,1749569,21CB,2,1,849,2350,True
1515855,1749569,22CA,2,2,929,,False
1229686,1749569,22CB,2,2,999,,False
1778840,1749569,22CC,2,2,1016,,False
1995382,1749569,22CD,2,2,1019,2975,True
1568674,1749569,22CE,2,2,1071,,False
1458121,1749569,22CF,2,2,1093,,False
1851607,1749569,22CG,2,2,1101,,False
1293644,1749569,22CH,2,2,1125,2785,True
1594756,1749569,22CI,2,2,1137,,False
1471801,1749569,22CJ,2,2,1141,,False
1532543,1749569,22CTH,2,2,1238,3385,True
1225434,1624786,S1,0,1,368,1545,True
1143335,1624786,S1,0,1,368,1545,True
1323817,1624786,S2,0,1,501,,False
1022717,1624786,S2,0,1,501,,False
1156827,1624786,S3,0,1,507,,False
1729220,1624786,S3,0,1,507,,False
1749655,1624786,S4,0,1,507,,False
1921867,1624786,S4,0,1,507,,False
1950607,1624786,A1,1,1,687,1655,True
1795809,1624786,A1,1,1,687,1655,True
1654005,1624786,A2,1,1,690,,False
1018882,1624786,A2,1,1,690,,False
1917443,1624786,A3,1,1,708,,False
1412521,1624786,A3,1,1,708,,False
1537811,1624786,B1,2,1,649,1986,True
1182870,1624786,B1,2,1,649,1986,True
1927741,1624786,B2,2,1,892,,False
1106568,1624786,B2,2,1,892,,False
1674561,1624786,B3,2,1,787,,False
1859193,1624786,B3,2,1,787,,False
1539673,1624786,B4,2,1,787,,False
1185694,1624786,B4,2,1,787,,False
1585020,1624786,B5,2,1,831,,False
1219510,1624786,B5,2,1,831,,False
1860515,1624786,B6,2,1,849,,False
1052755,1624786,B6,2,1,849,,False
1370879,1382108,"One Bedroom, One Bath A",1,1,615,1909,True
1147691,1382108,"One Bedroom, One Bath B",1,1,664,1945,True
1261099,1382108,"One Bedroom, One Bath C",1,1,670,2000,True
1225111,1382108,"One Bedroom, One Bath D",1,1,676,2299,True
1430498,1382108,"One Bedroom, One Bath E",1,1,523,1991,True
1817850,1382108,"One Bedroom, One Bath F",1,1,625,1875,True
1370930,1382108,"One Bedroom, One Bath G",1,1,725,2245,True
1573613,1382108,"One Bedroom, One Bath HC",1,1,725,2245,True
1892866,1382108,"One Bedroom, One Bath L",1,1,735,1995,True
1768377,1382108,"One Bedroom, One Bath A",1,1,615,1909,True
1563004,1382108,"One Bedroom, One Bath B",1,1,664,1945,True
1813512,1382108,"One Bedroom, One Bath C",1,1,670,2000,True
1226047,1382108,"One Bedroom, One Bath D",1,1,676,2299,True
1032568,1382108,"One Bedroom, One Bath E",1,1,523,1991,True
1138525,1382108,"One Bedroom, One Bath F",1,1,625,1875,True
1711896,1382108,"One Bedroom, One Bath G",1,1,725,2245,True
1979301,1382108,"One Bedroom, One Bath HC",1,1,725,2245,True
1104435,1382108,"One Bedroom, One Bath L",1,1,735,1995,True
1418298,1382108,"One Bedroom, One Bath A",1,1,615,1909,True
1674969,1382108,"One Bedroom, One Bath B",1,1,664,1945,True
1262437,1382108,"One Bedroom, One Bath C",1,1,670,2000,True
1809844,1382108,"One Bedroom, One Bath D",1,1,676,2299,True
1574249,1382108,"One Bedroom, One Bath E",1,1,523,1991,True
1387806,1382108,"One Bedroom, One Bath F",1,1,625,1875,True
1714350,1382108,"One Bedroom, One Bath G",1,1,725,2245,True
1192815,1382108,"One Bedroom, One Bath HC",1,1,725,2245,True
1224769,1382108,"One Bedroom, One Bath L",1,1,735,1995,True
1936541,1382108,"One Bedroom, One Bath A",1,1,615,1909,True
1846984,1382108,"One Bedroom, One Bath B",1,1,664,1945,True
1730642,1382108,"One Bedroom, One Bath C",1,1,670,2000,True
1609276,1382108,"One Bedroom, One Bath D",1,1,676,2299,True
1304338,1382108,"One Bedroom, One Bath E",1,1,523,1991,True
1113986,1382108,"One Bedroom, One Bath F",1,1,625,1875,True
1123114,1382108,"One Bedroom, One Bath G",1,1,725,2245,True
1765989,1382108,"One Bedroom, One Bath HC",1,1,725,2245,True
1252254,1382108,"One Bedroom, One Bath L",1,1,735,1995,True
1095560,1382108,"Two Bedroom, One Bath",2,1,876,2759,True
1620740,1382108,"Two Bedroom, Two Bath",2,2,972,3183,True
1297542,1382108,"Two Bedroom, Two Bath HC",2,2,972,2850,True
1853624,1382108,"Two Bedroom, One Bath",2,1,876,2759,True
1176115,1382108,"Two Bedroom, Two Bath",2,2,972,3183,True
1739223,1382108,"Two Bedroom, Two Bath HC",2,2,972,2850,True
1508443,1382108,"Two Bedroom, One Bath",2,1,876,2759,True
1988406,1382108,"Two Bedroom, Two Bath",2,2,972,3183,True
1252145,1382108,"Two Bedroom, Two Bath HC",2,2,972,2850,True
1659407,1382108,"Two Bedroom, One Bath",2,1,876,2759,True
1471376,1382108,"Two Bedroom, Two Bath",2,2,972,3183,True
1722782,1382108,"Two Bedroom, Two Bath HC",2,2,972,2850,True
1973304,1568037,Neptune,0,1,531,1758,True
1752119,1568037,Pluto,0,1,537,1828,True
1671032,1568037,Jupiter 1,1,1,617,,False
1622674,1568037,Jupiter,1,1,671,,False
1844216,1568037,Venus 1,1,1,773,,False
1945307,1568037,Venus 2,1,1,648,,False
1701765,1568037,Pisces,1,1,599,,False
1458270,1568037,El Sol,1,1,637,,False
1223553,1568037,Venus,1,1,680,2383,True
1397021,1568037,Pegasi,2,2,971,,False
1638919,1568037,Mercury,1,1,715,2703,True
1859014,1568037,Rhea,2,2,1023,,False
1870615,1568037,Triton,2,2,970,,False
1006495,1568037,"Loft, small",1,1,1151,,False
1756475,1568037,Orion,2,2,974,,False
1798979,1568037,La Luna,2,2,985,,False
1790943,1568037,Mars,2,2,917,3073,True
1542268,1568037,Gemini,1,1,1046,,False
1482430,1568037,Oberon,2,2,965,,False
1128048,1568037,Ariel,2,2,977,,False
1445444,1568037,"Loft, large",1,1,1440,,False
1946546,1568037,Saturn,2,2,1358,,False
1297560,1171878,The BMX,1,1,600,1849,True
1884066,1171878,The BMX,1,1,600,1849,True
1559659,1171878,The Tandem,2,1,820,,False
1262489,1171878,The Tandem,2,1,820,,False
1764561,1171878,The Hybrid,1,1,600,,False
1048789,1171878,The Hybrid,1,1,600,,False
1980153,1824526,Fortune 4,1,1,638,,False
1482321,1824526,Harmony 1,1,1,784,,False
1702667,1824526,Harmony 2,1,1,600,,False
1689273,1824526,Harmony 3,1,1,705,,False
1840853,1824526,Harmony 5,1,1,647,,False
1777564,1824526,Harmony 6,1,1,756,,False
1589428,1824526,Harmony 7,1,1,783,2366,True
1571081,1824526,Prosperity 2,1,1,699,,False
1877374,1824526,Prosperity 3,1,1,678,,False
1777616,1824526,Reflection 1,1,1,788,,False
1745284,1824526,Reflection 2,1,1,751,,False
1630114,1824526,Fortune 2,1,5,907,,False
1930516,1824526,Prosperity 1,1,5,729,,False
1999250,1824526,Prosperity 10,1,5,923,,False
1948713,1824526,Prosperity 11,1,5,1032,,False
1112087,1824526,Prosperity 4,1,5,804,,False
1510664,1824526,Prosperity 5,1,5,927,,False
1604052,1824526,Prosperity 6,1,5,827,,False
1575389,1824526,Prosperity 7,1,5,873,,False
1033924,1824526,Prosperity 8,1,5,899,,False
1470812,1824526,Prosperity 9,1,5,736,,False
1003948,1824526,Fortune 4,1,1,638,,False
1059339,1824526,Harmony 1,1,1,784,,False
1791166,1824526,Harmony 2,1,1,600,,False
1503874,1824526,Harmony 3,1,1,705,,False
1937973,1824526,Harmony 5,1,1,647,,False
1126948,1824526,Harmony 6,1,1,756,,False
1242834,1824526,Harmony 7,1,1,783,2366,True
1935981,1824526,Prosperity 2,1,1,699,,False
1831774,1824526,Prosperity 3,1,1,678,,False
1224992,1824526,Reflection 1,1,1,788,,False
1458954,1824526,Reflection 2,1,1,751,,False
1414569,1824526,Fortune 2,1,5,907,,False
1343199,1824526,Prosperity 1,1,5,729,,False
1400093,1824526,Prosperity 10,1,5,923,,False
1673237,1824526,Prosperity 11,1,5,1032,,False
1250489,1824526,Prosperity 4,1,5,804,,False
1192430,1824526,Prosperity 5,1,5,927,,False
1738210,1824526,Prosperity 6,1,5,827,,False
1482400,1824526,Prosperity 7,1,5,873,,False
1885880,1824526,Prosperity 8,1,5,899,,False
1480133,1824526,Prosperity 9,1,5,736,,False
1487304,1824526,Fortune 4,1,1,638,,False
1240840,1824526,Harmony 1,1,1,784,,False
1522476,1824526,Harmony 2,1,1,600,,False
1793856,1824526,Harmony 3,1,1,705,,False
1339585,1824526,Harmony 5,1,1,647,,False
1300929,1824526,Harmony 6,1,1,756,,False
1137980,1824526,Harmony 7,1,1,783,2366,True
1567987,1824526,Prosperity 2,1,1,699,,False
1171584,1824526,Prosperity 3,1,1,678,,False
1976612,1824526,Reflection 1,1,1,788,,False
1738348,1824526,Reflection 2,1,1,751,,False
1780043,1824526,Fortune 2,1,5,907,,False
1744133,1824526,Prosperity 1,1,5,729,,False
1958787,1824526,Prosperity 10,1,5,923,,False
1511522,1824526,Prosperity 11,1,5,1032,,False
1786208,1824526,Prosperity 4,1,5,804,,False
1192910,1824526,Prosperity 5,1,5,927,,False
1993945,1824526,Prosperity 6,1,5,827,,False
1516015,1824526,Prosperity 7,1,5,873,,False
1809806,1824526,Prosperity 8,1,5,899,,False
1596119,1824526,Prosperity 9,1,5,736,,False
1720414,1824526,Fortune 4,1,1,638,,False
1061486,1824526,Harmony 1,1,1,784,,False
1152322,1824526,Harmony 2,1,1,600,,False
1634713,1824526,Harmony 3,1,1,705,,False
1026324,1824526,Harmony 5,1,1,647,,False
1088574,1824526,Harmony 6,1,1,756,,False
1921876,1824526,Harmony 7,1,1,783,2366,True
1268775,1824526,Prosperity 2,1,1,699,,False
1230325,1824526,Prosperity 3,1,1,678,,False
1941091,1824526,Reflection 1,1,1,788,,False
1058356,1824526,Reflection 2,1,1,751,,False
1733590,1824526,Fortune 2,1,5,907,,False
1410160,1824526,Prosperity 1,1,5,729,,False
1825261,1824526,Prosperity 10,1,5,923,,False
1345385,1824526,Prosperity 11,1,5,1032,,False
1322588,1824526,Prosperity 4,1,5,804,,False
1591608,1824526,Prosperity 5,1,5,927,,False
1568154,1824526,Prosperity 6,1,5,827,,False
1470768,1824526,Prosperity 7,1,5,873,,False
1383306,1824526,Prosperity 8,1,5,899,,False
1470587,1824526,Prosperity 9,1,5,736,,False
1769893,1824526,Fortune 3,2,2,1020,,False
1062980,1824526,Fortune 5,2,2,1028,,False
1040191,1824526,Unity 1,2,2,1041,2859,True
1639836,1824526,Unity 2,2,2,924,,False
1720335,1824526,Unity 3,2,2,904,,False
1380413,1824526,Unity 4,2,2,1043,,False
1387566,1824526,Fortune 1,2,5,1111,,False
1419580,1824526,Fortune 3,2,2,1020,,False
1126002,1824526,Fortune 5,2,2,1028,,False
1236797,1824526,Unity 1,2,2,1041,2859,True
1772109,1824526,Unity 2,2,2,924,,False
1800001,1824526,Unity 3,2,2,904,,False
1388728,1824526,Unity 4,2,2,1043,,False
1194750,1824526,Fortune 1,2,5,1111,,False
1315255,1824526,Fortune 3,2,2,1020,,False
1246070,1824526,Fortune 5,2,2,1028,,False
1165716,1824526,Unity 1,2,2,1041,2859,True
1984972,1824526,Unity 2,2,2,924,,False
1120556,1824526,Unity 3,2,2,904,,False
1737262,1824526,Unity 4,2,2,1043,,False
1630546,1824526,Fortune 1,2,5,1111,,False
1959162,1824526,Fortune 3,2,2,1020,,False
1420270,1824526,Fortune 5,2,2,1028,,False
1624598,1824526,Unity 1,2,2,1041,2859,True
1364698,1824526,Unity 2,2,2,924,,False
1524737,1824526,Unity 3,2,2,904,,False
1597368,1824526,Unity 4,2,2,1043,,False
1518579,1824526,Fortune 1,2,5,1111,,False
1554389,1335953,1 Bedroom 1 Bathroom Plus Den,1,1,855,,False
1361220,1335953,Traditional 1 Bedroom 1 Bath,1,1,752,2554,True
1190065,1335953,Open 1 Bedroom 1 Bathroom,1,1,527,1725,True
1703592,1335953,Urban 1 Bedroom 1 Bathroom,1,1,527,1642,True
1086699,1335953,Live Work Loft,1,1,527,1840,True
1777365,1335953,1 Bedroom 1 Bathroom Plus Den,1,1,855,,False
1991055,1335953,Traditional 1 Bedroom 1 Bath,1,1,752,2554,True
1533780,1335953,Open 1 Bedroom 1 Bathroom,1,1,527,1725,True
1896697,1335953,Urban 1 Bedroom 1 Bathroom,1,1,527,1642,True
1040551,1335953,Live Work Loft,1,1,527,1840,True
1353295,1335953,1 Bedroom 1 Bathroom Plus Den,1,1,855,,False
1564099,1335953,Traditional 1 Bedroom 1 Bath,1,1,752,2554,True
1344303,1335953,Open 1 Bedroom 1 Bathroom,1,1,527,1725,True
1912273,1335953,Urban 1 Bedroom 1 Bathroom,1,1,527,1642,True
1548780,1335953,Live Work Loft,1,1,527,1840,True
1602231,1335953,1 Bedroom 1 Bathroom Plus Den,1,1,855,,False
1280923,1335953,Traditional 1 Bedroom 1 Bath,1,1,752,2554,True
1949486,1335953,Open 1 Bedroom 1 Bathroom,1,1,527,1725,True
1388520,1335953,Urban 1 Bedroom 1 Bathroom,1,1,527,1642,True
1837562,1335953,Live Work Loft,1,1,527,1840,True
1727829,1335953,2 Bedroom 1 Bathroom,2,1,977,,False
1590455,1335953,2 Bedroom 1 Bathroom,2,1,977,,False
1664092,1335953,2 Bedroom 1 Bathroom,2,1,977,,False
1136644,1335953,2 Bedroom 1 Bathroom,2,1,977,,False
1158895,1183863,THE RAINIER,1,1,515,1549,True
1905132,1183863,THE RAINIER,1,1,515,1549,True
1404715,1183863,THE PIKE,1,1,589,,False
1835104,1183863,THE PIKE,1,1,589,,False
1945615,1183863,THE WHEEL,1,1,608,1999,True
1377901,1183863,THE WHEEL,1,1,608,1999,True
1419149,1183863,THE ELLIOTT,1,1,589,,False
1067608,1183863,THE ELLIOTT,1,1,589,,False
1036793,1183863,THE EMP,2,1,732,2299,True
1539665,1183863,THE EMP,2,1,732,2299,True
1288553,1679473,1 Bed 1 Bath,1,1,449,,False
1319605,1679473,1 Bed 1 Bath,1,1,449,,False
1416320,1679473,Studio,0,1,339,,False
1173944,1679473,Studio,0,1,339,,False
1876388,1545141,A1,1,1,508,2050,True
1171945,1545141,A1,1,1,508,2050,True
1229242,1545141,A2,1,1,544,1915,True
1210026,1545141,A2,1,1,544,1915,True
1202991,1545141,A3,1,1,719,,False
1189254,1545141,A3,1,1,719,,False
1353892,1545141,A4,1,1,863,,False
1453514,1545141,A4,1,1,863,,False
1883343,1545141,A5,1,1,884,,False
1549365,1545141,A5,1,1,884,,False
1242317,1545141,A6,1,1,861,,False
1942996,1545141,A6,1,1,861,,False
1190301,1545141,LW1,1,1,753,,False
1764613,1545141,LW1,1,1,753,,False
1302031,1545141,LW2,1,1,816,,False
1512634,1545141,LW2,1,1,816,,False
1344445,1545141,oA1,1,1,404,,False
1533318,1545141,oA1,1,1,404,,False
1334749,1545141,oA2,1,1,436,,False
1116781,1545141,oA2,1,1,436,,False
1672791,1545141,oA3,1,1,469,,False
1326105,1545141,oA3,1,1,469,,False
1989872,1545141,oA4,1,1,477,,False
1742644,1545141,oA4,1,1,477,,False
1146056,1545141,oA5,1,1,510,,False
1464868,1545141,oA5,1,1,510,,False
1914852,1545141,oA6,1,1,536,,False
1290431,1545141,oA6,1,1,536,,False
1126524,1545141,oA7,1,1,539,,False
1322557,1545141,oA7,1,1,539,,False
1590485,1545141,oA8,1,1,541,,False
1884979,1545141,oA8,1,1,541,,False
1977174,1545141,oA9,1,1,542,1665,True
1250599,1545141,oA9,1,1,542,1665,True
1649844,1545141,oA10,1,1,574,,False
1947404,1545141,oA10,1,1,574,,False
1864905,1545141,oA11,1,1,576,,False
1187819,1545141,oA11,1,1,576,,False
1732694,1545141,oA12,1,1,622,,False
1238823,1545141,oA12,1,1,622,,False
1175396,1545141,oA13,1,1,626,1795,True
1161029,1545141,oA13,1,1,626,1795,True
1498743,1545141,oA14,1,1,687,,False
1254716,1545141,oA14,1,1,687,,False
1613847,1545141,B2,2,2,1098,,False
1592358,1545141,B2,2,2,1098,,False
1920187,1545141,B3,2,2,1117,,False
1229039,1545141,B3,2,2,1117,,False
1325113,1545141,B4,2,2,1155,2970,True
1665740,1545141,B4,2,2,1155,2970,True
1060007,1651670,Studio,0,1,452,1499,True
1671364,1651670,2 Story Loft,1,1,624,1990,True
1665516,1651670,Flat,,,727,1699,True
1850112,1806448,C 1x1,1,1,696,1704,True
1331368,1806448,D Open 1,1,1,624,1685,True
1110231,1806448,F Open 1,1,1,592,1810,True
1203933,1806448,L Open 1,1,1,717,1755,True
1388721,1806448,Open 1 Bed - MFTE,1,1,592,1399,True
1412616,1806448,C 1x1,1,1,696,1704,True
1384919,1806448,D Open 1,1,1,624,1685,True
1733737,1806448,F Open 1,1,1,592,1810,True
1500913,1806448,L Open 1,1,1,717,1755,True
1403917,1806448,Open 1 Bed - MFTE,1,1,592,1399,True
1262665,1806448,C 1x1,1,1,696,1704,True
1712692,1806448,D Open 1,1,1,624,1685,True
1009347,1806448,F Open 1,1,1,592,1810,True
1344222,1806448,L Open 1,1,1,717,1755,True
1042402,1806448,Open 1 Bed - MFTE,1,1,592,1399,True
1731419,1806448,C 1x1,1,1,696,1704,True
1614130,1806448,D Open 1,1,1,624,1685,True
1268675,1806448,F Open 1,1,1,592,1810,True
1966508,1806448,L Open 1,1,1,717,1755,True
1405879,1806448,Open 1 Bed - MFTE,1,1,592,1399,True
1276006,1806448,E 2x2 Den,2,2,1089,2550,True
1283463,1806448,E 2x2 Den,2,2,1089,2550,True
1801505,1806448,E 2x2 Den,2,2,1089,2550,True
1054519,1806448,E 2x2 Den,2,2,1089,2550,True
1832697,1862817,Verona,1,1,550,,False
1741570,1862817,Verona,1,1,550,,False
1935059,1862817,Florence,1,1,676,1625,True
1099988,1862817,Florence,1,1,676,1625,True
1086558,1862817,Elvis Penthouse,1,2,848,,False
1703849,1862817,Elvis Penthouse,1,2,848,,False
1085211,1862817,Torino,0,1,418,1335,True
1346038,1862817,Torino,0,1,418,1335,True
1738677,1862817,Naples,0,1,426,1325,True
1934108,1862817,Naples,0,1,426,1325,True
1762768,1862817,B1,2,1,813,2095,True
1445399,1862817,B1,2,1,813,2095,True
1107609,1648443,The BMX,1,1,600,1849,True
1629612,1648443,The BMX,1,1,600,1849,True
1035626,1648443,The Tandem,2,1,820,,False
1425893,1648443,The Tandem,2,1,820,,False
1473484,1648443,The Hybrid,1,1,600,,False
1906783,1648443,The Hybrid,1,1,600,,False
1665668,1094104,0x1a-p1,0,1,367,,False
1115833,1094104,0x1a-p1,0,1,367,,False
1507313,1094104,0x1a-p2,0,1,367,1286,True
1197533,1094104,0x1a-p2,0,1,367,1286,True
1708948,1094104,0x1a-p3,0,1,367,1261,True
1363231,1094104,0x1a-p3,0,1,367,1261,True
1035965,1094104,0x1a-p4,0,1,367,,False
1796832,1094104,0x1a-p4,0,1,367,,False
1592175,1094104,0x1b,0,1,502,1361,True
1510819,1094104,0x1b,0,1,502,1361,True
1620010,1094104,0x1c,0,1,504,,False
1050660,1094104,0x1c,0,1,504,,False
1408560,1094104,0x1d,0,1,574,1461,True
1511572,1094104,0x1d,0,1,574,1461,True
1601621,1094104,0x1e,0,1,531,1396,True
1934105,1094104,0x1e,0,1,531,1396,True
1786386,1094104,1x1a,1,1,848,,False
1567851,1094104,1x1a,1,1,848,,False
1952802,1094104,1x1b,1,1,702,,False
1058975,1094104,1x1b,1,1,702,,False
1321238,1094104,1x1e,1,1,557,,False
1279991,1094104,1x1e,1,1,557,,False
1610088,1094104,1x1f,1,1,598,,False
1605708,1094104,1x1f,1,1,598,,False
1521397,1094104,1x1g-p1,1,1,642,,False
1148043,1094104,1x1g-p1,1,1,642,,False
1709336,1094104,1x1g-p2,1,1,642,,False
1409951,1094104,1x1g-p2,1,1,642,,False
1415972,1094104,1x1g-p3,1,1,642,,False
1891861,1094104,1x1g-p3,1,1,642,,False
1513234,1094104,1x1h-p1,1,1,660,,False
1214349,1094104,1x1h-p1,1,1,660,,False
1755697,1094104,1x1h-p2,1,1,660,,False
1950718,1094104,1x1h-p2,1,1,660,,False
1210175,1094104,1x1i,1,1,695,,False
1475632,1094104,1x1i,1,1,695,,False
1233659,1094104,1x1j,1,1,702,,False
1218374,1094104,1x1j,1,1,702,,False
1129996,1094104,1x1k,1,1,722,,False
1942603,1094104,1x1k,1,1,722,,False
1418994,1094104,1x1l,1,1,735,,False
1647151,1094104,1x1l,1,1,735,,False
1558195,1094104,1x1m,1,1,780,,False
1682908,1094104,1x1m,1,1,780,,False
1728831,1094104,1x1n,1,1,818,,False
1121864,1094104,1x1n,1,1,818,,False
1895855,1094104,1x1p,1,1,903,,False
1526954,1094104,1x1p,1,1,903,,False
1140412,1094104,1x1q,1,1,903,,False
1404413,1094104,1x1q,1,1,903,,False
1043692,1094104,1x1r-p2,1,1,903,,False
1446445,1094104,1x1r-p2,1,1,903,,False
1433211,1094104,1x1r-p3,1,1,903,,False
1954127,1094104,1x1r-p3,1,1,903,,False
1343572,1094104,1x1s-p1,1,1,712,1830,True
1822120,1094104,1x1s-p1,1,1,712,1830,True
1196707,1094104,1x1s-p2,1,1,695,,False
1598163,1094104,1x1s-p2,1,1,695,,False
1877956,1094104,1x1s-p3,1,1,686,2079,True
1279567,1094104,1x1s-p3,1,1,686,2079,True
1230161,1094104,1x1t,1,1,367,1351,True
1886966,1094104,1x1t,1,1,367,1351,True
1886397,1094104,2x1a,2,1,758,2595,True
1871286,1094104,2x1a,2,1,758,2595,True
1087114,1094104,2x1c,2,1,903,,False
1588717,1094104,2x1c,2,1,903,,False
1455573,1094104,2x2a,2,2,974,,False
1438657,1094104,2x2a,2,2,974,,False
1865320,1094104,2x2b,2,2,1019,,False
1487972,1094104,2x2b,2,2,1019,,False
1605097,1094104,2x2c-p1,2,2,1069,,False
1375472,1094104,2x2c-p1,2,2,1069,,False
1285360,1094104,2x2c-p2,2,2,1019,,False
1613728,1094104,2x2c-p2,2,2,1019,,False
1901414,1094104,2x2d,2,2,930,2780,True
1743531,1094104,2x2d,2,2,930,2780,True
1096280,1094104,2x2e-p1,2,2,907,,False
1121984,1094104,2x2e-p1,2,2,907,,False
1758384,1094104,2x2e-p2,2,2,933,2755,True
1791266,1094104,2x2e-p2,2,2,933,2755,True
1119362,1094104,2x2f,2,2,974,,False
1298968,1094104,2x2f,2,2,974,,False
1029953,1094104,2x2g,2,2,983,,False
1402113,1094104,2x2g,2,2,983,,False
1465684,1094104,2x2h,2,2,983,,False
1831969,1094104,2x2h,2,2,983,,False
1000190,1094104,2x2i,2,2,969,,False
1667505,1094104,2x2i,2,2,969,,False
1492748,1285176,Studio,0,1,438,1765,True
1081542,1285176,Studio,0,1,438,1765,True
1972560,1285176,1 Bedroom,1,1,644,1884,True
1855982,1285176,1 Bedroom,1,1,644,1884,True
1007525,1285176,2 Bedroom,2,1,850,2550,True
1145980,1285176,2 Bedroom,2,1,850,2550,True
1674792,1285176,Jr. Penthouse,2,2,1288,,False
1680474,1285176,Jr. Penthouse,2,2,1288,,False
1353925,1285176,Penthouse A,2,2,1915,,False
1940405,1285176,Penthouse A,2,2,1915,,False
1781123,1285176,Penthouse B,2,2,1915,,False
1404357,1285176,Penthouse B,2,2,1915,,False
1042525,1285176,2 Bedroom,2,2,1305,,False
1787530,1285176,2 Bedroom,2,2,1305,,False
1532310,1285176,3 Bedroom 2 Bath,3,2,1288,,False
1104712,1285176,3 Bedroom 2 Bath,3,2,1288,,False
1135015,1499940,Studio A,0,1,313,,False
1226983,1499940,Studio A,0,1,313,,False
1441537,1499940,Studio B,0,1,322,,False
1655826,1499940,Studio B,0,1,322,,False
1118427,1499940,Studio C,0,1,328,,False
1824759,1499940,Studio C,0,1,328,,False
1385522,1499940,Studio D,0,1,233,1000,True
1961872,1499940,Studio D,0,1,233,1000,True
1525690,1499940,1 Bedroom,1,1,315,,False
1282885,1499940,1 Bedroom,1,1,315,,False
1636696,1473314,Unit C,0,1,465,1668,True
1215995,1473314,Unit C,0,1,465,1668,True
1241107,1473314,Live Work,0,1,544,,False
1288251,1473314,Live Work,0,1,544,,False
1651985,1473314,Unit E,1,1,476,,False
1542527,1473314,Unit E,1,1,476,,False
1915818,1473314,Unit F,1,1,488,,False
1729844,1473314,Unit F,1,1,488,,False
1929224,1473314,Unit 1B,1,1,497,,False
1572518,1473314,Unit 1B,1,1,497,,False
1227199,1473314,Unit A,1,1,502,1661,True
1170373,1473314,Unit A,1,1,502,1661,True
1812949,1473314,Unit D,1,1,536,,False
1100133,1473314,Unit D,1,1,536,,False
1604541,1473314,Unit B,1,1,550,,False
1857791,1473314,Unit B,1,1,550,,False
1869250,1473314,Unit 1A,1,1,594,,False
1842921,1473314,Unit 1A,1,1,594,,False
1543705,1473314,Unit 1C,1,1,622,,False
1858269,1473314,Unit 1C,1,1,622,,False
1241753,1473314,Unit 1D,1,1,661,,False
1392484,1473314,Unit 1D,1,1,661,,False
1788075,1033400,Traditional 1bd 1ba - A,1,1,561,1541,True
1127314,1033400,Traditional 1bd 1ba - B,1,1,572,1479,True
1102818,1033400,Traditional 1bd 1ba - C,1,1,703,1461,True
1550508,1033400,Traditional 1bd 1ba - D,1,1,672,1448,True
1450690,1033400,Traditional 1bd 1ba,1,1,758,,False
1010163,1033400,Urban 1bd 1ba - A,1,1,602,1368,True
1556797,1033400,Urban 1bd 1ba - B,1,1,666,1393,True
1889636,1033400,Traditional 2bd 1ba,2,1,909,,False
1818997,1033400,Traditional 2bd 2ba,2,2,1005,,False
1491633,1033400,Traditional 2bd 1ba-B,2,1,912,2725,True
1151271,1752060,Studio,0,1,581,,False
1070911,1752060,Urban 1bd 1ba - B,1,1,624,1446,True
1222197,1752060,Traditional 1bd 1ba - F,1,1,636,,False
1526047,1752060,Urban 1bd 1ba - A,1,1,667,1408,True
1802284,1752060,1Bed Den,1,1,1052,2118,True
1423017,1752060,Traditional 1bd 1ba - A,1,1,811,,False
1092383,1752060,Traditional 1bd 1ba - B,1,1,672,,False
1423040,1752060,Traditional 1bd 1ba - C,1,1,653,,False
1586811,1752060,Traditional 1bd 1ba - D,1,1,647,,False
1817749,1752060,Traditional 1bd 1ba - E,1,1,692,,False
1139905,1752060,Traditional 2bd 1ba - B,2,1,1019,2690,True
1170776,1752060,Traditional 2bd 1ba - A,2,1,1071,,False
1859913,1173388,Turner,1,1,488,1551,True
1537554,1173388,Turner,1,1,488,1551,True
1778453,1173388,Michelangelo,1,1,499,1471,True
1081525,1173388,Michelangelo,1,1,499,1471,True
1351728,1173388,Picasso,1,1,526,1626,True
1783392,1173388,Picasso,1,1,526,1626,True
1172413,1173388,Monet,1,1,615,,False
1658031,1173388,Monet,1,1,615,,False
1157454,1173388,Da Vinci,1,1,595,1919,True
1599473,1173388,Da Vinci,1,1,595,1919,True
1288384,1173388,Rembrandt,1,1,688,1902,True
1808420,1173388,Rembrandt,1,1,688,1902,True
1544980,1173388,Van Gogh,1,1,712,,False
1781905,1173388,Van Gogh,1,1,712,,False
1027122,1173388,Constable,1,1,758,,False
1936800,1173388,Constable,1,1,758,,False
1956393,1173388,Titian,1,1,661,,False
1220174,1173388,Titian,1,1,661,,False
1442953,1173388,Decartes,1,1,753,,False
1289625,1173388,Decartes,1,1,753,,False
1826208,1173388,Aristotle,1,1,943,,False
1626079,1173388,Aristotle,1,1,943,,False
1890606,1173388,Donatello,2,2,985,,False
1189454,1173388,Donatello,2,2,985,,False
1800441,1173388,Diego,2,2,1012,,False
1407453,1173388,Diego,2,2,1012,,False
1283550,1173388,Raphael,2,2,1050,,False
1326053,1173388,Raphael,2,2,1050,,False
1684021,1173388,Ruben,2,2,1130,,False
1421316,1173388,Ruben,2,2,1130,,False
1338650,1381316,Studio,0,1,,1760,True
1765160,1381316,Studio,0,1,,1760,True
1776988,1381316,Open 1 bedroom,1,1,,1779,True
1307586,1381316,Open 1 bedroom,1,1,,1779,True
1578442,1381316,1 bedroom,1,1,,2186,True
1237745,1381316,1 bedroom,1,1,,2186,True
1648659,1381316,2 bedroom 2 bath,2,2,,3093,True
1396029,1381316,2 bedroom 2 bath,2,2,,3093,True
1335172,1381316,Live/Work,0,1,,1773,True
1229288,1381316,Live/Work,0,1,,1773,True
1672915,1381316,2 bedroom 1 bath,2,1,,,False
1789936,1381316,2 bedroom 1 bath,2,1,,,False
1368982,1206179,525 Studio,0,1,444,1380,True
1184219,1206179,525 Studio,0,1,444,1380,True
1802929,1206179,525 Studio (MFTE),0,1,434,,False
1664069,1206179,525 Studio (MFTE),0,1,434,,False
1352521,1206179,525 Open One Bedroom,1,1,563,1475,True
1320107,1206179,525 Open One Bedroom,1,1,563,1475,True
1178075,1206179,525 One Bedroom (MFTE),1,1,601,1593,True
1081059,1206179,525 One Bedroom (MFTE),1,1,601,1593,True
1219451,1206179,525 One Bedroom,1,1,689,1698,True
1434320,1206179,525 One Bedroom,1,1,689,1698,True
1586493,1206179,525 One Bedroom + Den,1,1,940,,False
1343767,1206179,525 One Bedroom + Den,1,1,940,,False
1823532,1206179,525 Two Bedroom (MFTE),2,2,1120,,False
1743464,1206179,525 Two Bedroom (MFTE),2,2,1120,,False
1365016,1206179,525 Two Bedroom,2,2,1169,2568,True
1769344,1206179,525 Two Bedroom,2,2,1169,2568,True
1748447,1206179,507 One Bedroom,1,1,686,1525,True
1222985,1206179,507 One Bedroom,1,1,686,1525,True
1797625,1206179,507 Open One Bedroom,1,1,579,1417,True
1242953,1206179,507 Open One Bedroom,1,1,579,1417,True
1117789,1206179,507 Studio,0,1,468,1295,True
1058318,1206179,507 Studio,0,1,468,1295,True
1449934,1206179,507 Two Bedroom,2,2,1171,,False
1969208,1206179,507 Two Bedroom,2,2,1171,,False
1580359,1206179,507 One-Bed + Den A,1,1,820,1755,True
1148863,1206179,507 One-Bed + Den A,1,1,820,1755,True
1168382,1206179,507 One-Bed + Den B,1,1,763,1668,True
1970597,1206179,507 One-Bed + Den B,1,1,763,1668,True
1817458,1240845,A1-1,0,1,498,1728,True
1252302,1240845,A1-1,0,1,498,1728,True
1791896,1240845,A1-2,0,1,498,1753,True
1419573,1240845,A1-2,0,1,498,1753,True
1263702,1240845,C8,1,1,536,,False
1821661,1240845,C8,1,1,536,,False
1572200,1240845,B10,1,1,566,1873,True
1194432,1240845,B10,1,1,566,1873,True
1566124,1240845,B6,1,1,588,2038,True
1735335,1240845,B6,1,1,588,2038,True
1114798,1240845,B4,1,1,627,1921,True
1593920,1240845,B4,1,1,627,1921,True
1613345,1240845,B9,1,1,644,1962,True
1152581,1240845,B9,1,1,644,1962,True
1092363,1240845,C5,1,1,678,1992,True
1131374,1240845,C5,1,1,678,1992,True
1403695,1240845,C6,1,1,685,2012,True
1302209,1240845,C6,1,1,685,2012,True
1356944,1240845,C2,1,1,842,2191,True
1938971,1240845,C2,1,1,842,2191,True
1983989,1240845,C3 with Den,1,1,844,2191,True
1976500,1240845,C3 with Den,1,1,844,2191,True
1149380,1846854,1BD - Gumbie,1,1,408,1545,True
1063749,1846854,1BD - Gumbie,1,1,408,1545,True
1966276,1846854,1BD - Bolt,1,1,408,1455,True
1367725,1846854,1BD - Bolt,1,1,408,1455,True
1208019,1452024,A1,1,1,650,1469,True
1586815,1452024,A1,1,1,650,1469,True
1763480,1452024,A2,1,1,700,1650,True
1659349,1452024,A2,1,1,700,1650,True
1411426,1452024,A3,1,1,700,,False
1337739,1452024,A3,1,1,700,,False
1324098,1452024,B1,2,1,850,1850,True
1692648,1452024,B1,2,1,850,1850,True
1638755,1452024,B2,2,1,900,1850,True
1313629,1452024,B2,2,1,900,1850,True
1904149,1452024,C,2,2,950,,False
1348451,1452024,C,2,2,950,,False
1736894,1452024,D,3,2,1100,2615,True
1119630,1452024,D,3,2,1100,2615,True
1441245,1928829,Studio A,0,1,428,1462,True
1549120,1928829,Studio B,0,1,400,1457,True
1825849,1928829,Studio C,0,1,385,1472,True
1525380,1928829,Studio D,0,1,394,,False
1005300,1928829,One Bedroom A,1,1,579,1720,True
1762547,1928829,One Bedroom B,1,1,534,1686,True
1573402,1928829,One Bedroom C,1,1,544,1703,True
1876905,1928829,One Bedroom D,1,1,566,1693,True
1096562,1928829,One Bedroom E,1,1,513,1666,True
1609404,1928829,One Bedroom F,1,1,507,1666,True
1185106,1928829,One Bedroom with Den,1,1,560,,False
1710215,1928829,Two Bedroom A,2,1,665,,False
1839360,1928829,Two Bedroom B,2,1,713,,False
1512464,1928829,Three Bedroom,3,2,1130,,False
1845310,1889475,1 bed 1 bath,1,1,570,1275,True
1981330,1889475,2 bed 1 bath,2,1,810,,False
1176369,1587344,11CD,1,1,608,,False
1018203,1587344,11CE,1,1,634,,False
1559271,1587344,11CF,1,1,642,,False
1164435,1587344,11CG,1,1,662,2420,True
1751193,1587344,11CH,1,1,666,,False
1719628,1587344,11CI,1,1,704,,False
1001269,1587344,11CJ,1,1,778,,False
1682443,1587344,11CK,1,1,673,,False
1783161,1587344,11CL,1,1,698,,False
1784687,1587344,11CLWA,1,2,784,,False
1119776,1587344,11CLWE,1,5,892,,False
1180542,1587344,11CLWF,1,5,898,2500,True
1881112,1587344,11CLWB,1,5,796,,False
1705128,1587344,11CLWC,1,5,812,,False
1373869,1587344,11CLWD,1,5,872,,False
1695043,1587344,11CLWG,1,5,939,,False
1227326,1587344,11CLWH,1,5,934,,False
1593826,1587344,11CLWI,1,5,909,,False
1385597,1587344,11CLWJ,1,5,1044,,False
1544334,1587344,11CLWK,1,5,1343,,False
1989910,1587344,11CM,1,1,713,2685,True
1732455,1587344,11CN,1,1,725,,False
1472568,1587344,11CO,1,1,726,,False
1525795,1587344,11CP,1,1,816,,False
1477150,1587344,11CR,1,1,885,,False
1355169,1587344,11CS,1,1,954,,False
1849163,1587344,11CT,1,1,874,,False
1519030,1587344,11CU,1,1,956,,False
1269543,1587344,12CA,1,2,877,,False
1514123,1587344,12CLWA,1,2,1433,,False
1943820,1587344,11CLWL,1,1,1545,,False
1346198,1587344,11CLWM,1,1,769,2065,True
1415504,1587344,11CLWN,1,1,827,,False
1400541,1587344,11CD,1,1,608,,False
1314577,1587344,11CE,1,1,634,,False
1321390,1587344,11CF,1,1,642,,False
1751059,1587344,11CG,1,1,662,2420,True
1769241,1587344,11CH,1,1,666,,False
1380495,1587344,11CI,1,1,704,,False
1324231,1587344,11CJ,1,1,778,,False
1752098,1587344,11CK,1,1,673,,False
1741056,1587344,11CL,1,1,698,,False
1607253,1587344,11CLWA,1,2,784,,False
1216145,1587344,11CLWE,1,5,892,,False
1082222,1587344,11CLWF,1,5,898,2500,True
1585573,1587344,11CLWB,1,5,796,,False
1631111,1587344,11CLWC,1,5,812,,False
1917160,1587344,11CLWD,1,5,872,,False
1291269,1587344,11CLWG,1,5,939,,False
1131612,1587344,11CLWH,1,5,934,,False
1369439,1587344,11CLWI,1,5,909,,False
1846479,1587344,11CLWJ,1,5,1044,,False
1600157,1587344,11CLWK,1,5,1343,,False
1273126,1587344,11CM,1,1,713,2685,True
1677012,1587344,11CN,1,1,725,,False
1896796,1587344,11CO,1,1,726,,False
1665169,1587344,11CP,1,1,816,,False
1370691,1587344,11CR,1,1,885,,False
1502145,1587344,11CS,1,1,954,,False
1811836,1587344,11CT,1,1,874,,False
1565474,1587344,11CU,1,1,956,,False
1149667,1587344,12CA,1,2,877,,False
1151228,1587344,12CLWA,1,2,1433,,False
1669277,1587344,11CLWL,1,1,1545,,False
1010316,1587344,11CLWM,1,1,769,2065,True
1212394,1587344,11CLWN,1,1,827,,False
1834839,1587344,11CD,1,1,608,,False
1602153,1587344,11CE,1,1,634,,False
1264124,1587344,11CF,1,1,642,,False
1784929,1587344,11CG,1,1,662,2420,True
1566693,1587344,11CH,1,1,666,,False
1027603,1587344,11CI,1,1,704,,False
1409715,1587344,11CJ,1,1,778,,False
1472880,1587344,11CK,1,1,673,,False
1186190,1587344,11CL,1,1,698,,False
1871383,1587344,11CLWA,1,2,784,,False
1327045,1587344,11CLWE,1,5,892,,False
1276005,1587344,11CLWF,1,5,898,2500,True
1113998,1587344,11CLWB,1,5,796,,False
1028127,1587344,11CLWC,1,5,812,,False
1339837,1587344,11CLWD,1,5,872,,False
1792158,1587344,11CLWG,1,5,939,,False
1503178,1587344,11CLWH,1,5,934,,False
1040228,1587344,11CLWI,1,5,909,,False
1148226,1587344,11CLWJ,1,5,1044,,False
1925106,1587344,11CLWK,1,5,1343,,False
1454889,1587344,11CM,1,1,713,2685,True
1576464,1587344,11CN,1,1,725,,False
1322973,1587344,11CO,1,1,726,,False
1718340,1587344,11CP,1,1,816,,False
1769597,1587344,11CR,1,1,885,,False
1117832,1587344,11CS,1,1,954,,False
1835573,1587344,11CT,1,1,874,,False
1346790,1587344,11CU,1,1,956,,False
1612462,1587344,12CA,1,2,877,,False
1671205,1587344,12CLWA,1,2,1433,,False
1673656,1587344,11CLWL,1,1,1545,,False
1463748,1587344,11CLWM,1,1,769,2065,True
1294949,1587344,11CLWN,1,1,827,,False
1847873,1587344,11CD,1,1,608,,False
1929957,1587344,11CE,1,1,634,,False
1097352,1587344,11CF,1,1,642,,False
1533139,1587344,11CG,1,1,662,2420,True
1315437,1587344,11CH,1,1,666,,False
1739557,1587344,11CI,1,1,704,,False
1998271,1587344,11CJ,1,1,778,,False
1181862,1587344,11CK,1,1,673,,False
1771343,1587344,11CL,1,1,698,,False
1077606,1587344,11CLWA,1,2,784,,False
1510849,1587344,11CLWE,1,5,892,,False
1968408,1587344,11CLWF,1,5,898,2500,True
1151569,1587344,11CLWB,1,5,796,,False
1403894,1587344,11CLWC,1,5,812,,False
1331803,1587344,11CLWD,1,5,872,,False
1352174,1587344,11CLWG,1,5,939,,False
1584607,1587344,11CLWH,1,5,934,,False
1875667,1587344,11CLWI,1,5,909,,False
1516321,1587344,11CLWJ,1,5,1044,,False
1108172,1587344,11CLWK,1,5,1343,,False
1443188,1587344,11CM,1,1,713,2685,True
1267389,1587344,11CN,1,1,725,,False
1798915,1587344,11CO,1,1,726,,False
1093517,1587344,11CP,1,1,816,,False
1040659,1587344,11CR,1,1,885,,False
1110041,1587344,11CS,1,1,954,,False
1740418,1587344,11CT,1,1,874,,False
1199436,1587344,11CU,1,1,956,,False
1394701,1587344,12CA,1,2,877,,False
1970951,1587344,12CLWA,1,2,1433,,False
1699270,1587344,11CLWL,1,1,1545,,False
1040201,1587344,11CLWM,1,1,769,2065,True
1929882,1587344,11CLWN,1,1,827,,False
1302940,1587344,22CA,2,2,979,,False
1518434,1587344,22CB,2,2,1008,,False
1061658,1587344,22CC,2,2,1023,,False
1023020,1587344,22CE,2,2,1117,,False
1597039,1587344,22CF,2,2,1179,,False
1029899,1587344,22CG,2,2,1202,3375,True
1721707,1587344,22CH,2,2,1102,,False
1832190,1587344,22CI,2,2,1364,3854,True
1837336,1587344,22CD,2,2,1089,,False
1253077,1587344,22CJ,2,2,1417,,False
1132244,1587344,22CA,2,2,979,,False
1207101,1587344,22CB,2,2,1008,,False
1270884,1587344,22CC,2,2,1023,,False
1228058,1587344,22CE,2,2,1117,,False
1454719,1587344,22CF,2,2,1179,,False
1789841,1587344,22CG,2,2,1202,3375,True
1774312,1587344,22CH,2,2,1102,,False
1472593,1587344,22CI,2,2,1364,3854,True
1705925,1587344,22CD,2,2,1089,,False
1053437,1587344,22CJ,2,2,1417,,False
1086650,1587344,22CA,2,2,979,,False
1517428,1587344,22CB,2,2,1008,,False
1246228,1587344,22CC,2,2,1023,,False
1767988,1587344,22CE,2,2,1117,,False
1477218,1587344,22CF,2,2,1179,,False
1324958,1587344,22CG,2,2,1202,3375,True
1470807,1587344,22CH,2,2,1102,,False
1309628,1587344,22CI,2,2,1364,3854,True
1042150,1587344,22CD,2,2,1089,,False
1947922,1587344,22CJ,2,2,1417,,False
1994985,1587344,22CA,2,2,979,,False
1490539,1587344,22CB,2,2,1008,,False
1289910,1587344,22CC,2,2,1023,,False
1583521,1587344,22CE,2,2,1117,,False
1211820,1587344,22CF,2,2,1179,,False
1718255,1587344,22CG,2,2,1202,3375,True
1260693,1587344,22CH,2,2,1102,,False
1460632,1587344,22CI,2,2,1364,3854,True
1339571,1587344,22CD,2,2,1089,,False
1117979,1587344,22CJ,2,2,1417,,False
1405069,1587344,32CK,3,2,1271,,False
1230084,1587344,32CK,3,2,1271,,False
1234512,1587344,32CK,3,2,1271,,False
1150907,1587344,32CK,3,2,1271,,False
1318865,1898099,One Bed One Bath,1,1,775,2025,True
1943907,1898099,One Bed One Bath,1,1,775,2025,True
1888094,1898099,Two Bed Two Bath,2,2,1072,,False
1636836,1898099,Two Bed Two Bath,2,2,1072,,False
1841009,1898099,Studio,0,1,473,,False
1535983,1898099,Studio,0,1,473,,False
1923967,1898099,One Bedroom One Bath,1,1,775,,False
1891934,1898099,One Bedroom One Bath,1,1,775,,False
1792646,1898099,One Bedroom One Bath,1,1,775,,False
1187168,1898099,One Bedroom One Bath,1,1,775,,False
1203385,1220746,Studio,0,1,397,1410,True
1595048,1220746,Studio Affordable,0,1,410,1224,True
1756787,1220746,1 Bed 1 Bath,1,1,500,,False
1858282,1220746,1 Bed 1 Bath Affordable,1,1,540,,False
1032955,1189049,The Getty,0,1,497,1495,True
1296573,1189049,The Getty,0,1,497,1495,True
1193206,1189049,The Adobe,0,1,571,,False
1698128,1189049,The Adobe,0,1,571,,False
1870287,1189049,Fremont Peak,1,1,570,,False
1713366,1189049,Fremont Peak,1,1,570,,False
1413441,1189049,Lake Union,1,1,650,1875,True
1510490,1189049,Lake Union,1,1,650,1875,True
1976815,1189049,The Solstice,1,1,930,,False
1421763,1189049,The Solstice,1,1,930,,False
1380338,1189049,Two Bedroom,2,2,840,,False
1387876,1189049,Two Bedroom,2,2,840,,False
1070194,1138033,A01,1,1,,,False
1648391,1138033,A03,1,1,486,,False
1526338,1138033,A04,1,1,496,,False
1361354,1138033,A05,1,1,,,False
1876126,1138033,A06,1,1,,,False
1646233,1138033,A07,1,1,547,,False
1154313,1138033,A08,1,1,,,False
1254367,1138033,A09,1,1,,,False
1341821,1138033,A11,1,1,658,,False
1474903,1138033,A01,1,1,,,False
1627801,1138033,A03,1,1,486,,False
1097377,1138033,A04,1,1,496,,False
1764959,1138033,A05,1,1,,,False
1111013,1138033,A06,1,1,,,False
1070471,1138033,A07,1,1,547,,False
1003467,1138033,A08,1,1,,,False
1497004,1138033,A09,1,1,,,False
1772236,1138033,A11,1,1,658,,False
1437060,1138033,A01,1,1,,,False
1472464,1138033,A03,1,1,486,,False
1356630,1138033,A04,1,1,496,,False
1385538,1138033,A05,1,1,,,False
1840828,1138033,A06,1,1,,,False
1652198,1138033,A07,1,1,547,,False
1314175,1138033,A08,1,1,,,False
1642193,1138033,A09,1,1,,,False
1933402,1138033,A11,1,1,658,,False
1538638,1138033,A01,1,1,,,False
1985799,1138033,A03,1,1,486,,False
1264818,1138033,A04,1,1,496,,False
1126601,1138033,A05,1,1,,,False
1437106,1138033,A06,1,1,,,False
1793906,1138033,A07,1,1,547,,False
1176993,1138033,A08,1,1,,,False
1033724,1138033,A09,1,1,,,False
1759707,1138033,A11,1,1,658,,False
1573694,1138033,B01,2,1,,,False
1771084,1138033,B02,2,1,,,False
1878598,1138033,B03,2,1,665,,False
1465971,1138033,B04,2,1,,,False
1178851,1138033,B05,2,1,,,False
1564107,1138033,B06,2,1,,,False
1676588,1138033,B07,2,1,687,,False
1276186,1138033,B01,2,1,,,False
1741117,1138033,B02,2,1,,,False
1813489,1138033,B03,2,1,665,,False
1735850,1138033,B04,2,1,,,False
1525594,1138033,B05,2,1,,,False
1462798,1138033,B06,2,1,,,False
1640668,1138033,B07,2,1,687,,False
1989083,1138033,B01,2,1,,,False
1273094,1138033,B02,2,1,,,False
1373044,1138033,B03,2,1,665,,False
1942868,1138033,B04,2,1,,,False
1169145,1138033,B05,2,1,,,False
1911887,1138033,B06,2,1,,,False
1455528,1138033,B07,2,1,687,,False
1872758,1138033,B01,2,1,,,False
1957199,1138033,B02,2,1,,,False
1534008,1138033,B03,2,1,665,,False
1597546,1138033,B04,2,1,,,False
1106235,1138033,B05,2,1,,,False
1579524,1138033,B06,2,1,,,False
1921772,1138033,B07,2,1,687,,False
